"id","chore_id","user_id","points","created_at"
"1","32","1","50","2014-01-21 00:00:00"
"2","35","1","150","2014-01-21 00:00:00"
"3","43","1","250","2014-01-21 00:00:00"
"4","38","1","250","2014-01-21 00:00:00"
"5","37","1","250","2014-01-21 00:00:00"
"6","25","1","500","2014-01-21 00:00:00"
"7","16","1","100","2014-01-21 00:00:00"
"8","8","1","100","2014-01-21 00:00:00"
"9","47","1","1000","2014-01-21 00:00:00"
"10","28","1","29","2014-01-21 00:00:00"
"11","45","1","57","2014-01-21 00:00:00"
"12","48","1","29","2014-01-21 00:00:00"
"13","55","1","1500","2014-01-21 00:00:00"
"14","13","2","1500","2014-01-21 00:00:00"
"15","46","2","500","2014-01-21 00:00:00"
"30","38","1","125","2014-01-22 00:00:00"
"31","25","1","500","2014-01-22 00:00:00"
"32","59","1","300","2014-01-22 00:00:00"
"33","60","1","300","2014-01-22 00:00:00"
"34","65","1","500","2014-01-22 00:00:00"
"35","43","1","125","2014-01-22 00:00:00"
"36","80","1","500","2014-01-22 00:00:00"
"37","82","1","500","2014-01-22 00:00:00"
"38","41","1","214","2014-01-22 00:00:00"
"39","70","1","200","2014-01-22 00:00:00"
"40","77","1","1000","2014-01-22 00:00:00"
"41","64","1","500","2014-01-22 00:00:00"
"66","63","1","500","2014-01-23 00:00:00"
"67","66","1","500","2014-01-23 00:00:00"
"68","75","1","500","2014-01-23 00:00:00"
"69","70","2","200","2014-01-23 00:00:00"
"70","72","2","200","2014-01-23 00:00:00"
"71","81","2","300","2014-01-23 00:00:00"
"72","25","1","-500","2014-01-24 00:00:00"
"74","14","1","429","2014-01-24 00:00:00"
"75","11","1","357","2014-01-24 00:00:00"
"76","70","1","200","2014-01-24 00:00:00"
"77","25","1","1000","2014-01-24 00:00:00"
"78","15","1","71","2014-01-24 00:00:00"
"79","76","1","500","2014-01-24 00:00:00"
"80","20","1","36","2014-01-24 00:00:00"
"81","74","1","500","2014-01-24 00:00:00"
"82","16","1","150","2014-01-24 00:00:00"
"83","37","1","375","2014-01-24 00:00:00"
"84","38","1","250","2014-01-24 00:00:00"
"85","13","1","1500","2014-01-24 00:00:00"
"86","78","1","1000","2014-01-24 00:00:00"
"87","72","1","-200","2014-01-25 00:00:00"
"88","61","2","-250","2014-01-25 00:00:00"
"89","79","2","-250","2014-01-25 00:00:00"
"90","79","2","500","2014-01-25 00:00:00"
"91","51","1","257","2014-01-25 00:00:00"
"92","40","1","429","2014-01-25 00:00:00"
"93","62","1","200","2014-01-25 00:00:00"
"94","28","1","57","2014-01-25 00:00:00"
"95","34","1","86","2014-01-25 00:00:00"
"96","25","1","500","2014-01-25 00:00:00"
"97","45","1","114","2014-01-25 00:00:00"
"98","48","1","57","2014-01-25 00:00:00"
"99","44","2","429","2014-01-25 00:00:00"
"100","52","2","857","2014-01-25 00:00:00"
"101","53","2","429","2014-01-25 00:00:00"
"102","38","2","125","2014-01-25 00:00:00"
"103","37","2","125","2014-01-25 00:00:00"
"104","69","2","500","2014-01-25 00:00:00"
"105","26","2","143","2014-01-25 00:00:00"
"106","81","2","86","2014-01-25 00:00:00"
"107","9","2","171","2014-01-25 00:00:00"
"108","10","2","171","2014-01-25 00:00:00"
"109","8","2","200","2014-01-25 00:00:00"
"110","20","2","7","2014-01-25 00:00:00"
"111","15","2","14","2014-01-25 00:00:00"
"112","57","2","500","2014-01-25 00:00:00"
"113","56","2","500","2014-01-25 00:00:00"
"114","11","2","71","2014-01-25 00:00:00"
"115","43","2","375","2014-01-25 00:00:00"
"116","23","2","429","2014-01-25 00:00:00"
"117","13","2","1500","2014-01-25 00:00:00"
"118","70","1","100","2014-01-26 00:00:00"
"119","72","2","150","2014-01-26 00:00:00"
"120","70","1","400","2014-01-26 00:00:00"
"121","29","2","429","2014-01-26 00:00:00"
"122","30","2","20","2014-01-26 00:00:00"
"123","38","2","125","2014-01-26 00:00:00"
"124","37","2","125","2014-01-26 00:00:00"
"125","54","1","20","2014-01-26 00:00:00"
"126","33","1","343","2014-01-26 00:00:00"
"127","27","1","429","2014-01-26 00:00:00"
"128","41","1","500","2014-01-26 00:00:00"
"129","73","1","1000","2014-01-26 00:00:00"
"130","61","1","500","2014-01-26 00:00:00"
"131","67","1","500","2014-01-26 00:00:00"
"132","68","1","500","2014-01-26 00:00:00"
"133","25","2","500","2014-01-26 00:00:00"
"134","72","2","600","2014-01-26 00:00:00"
"135","13","2","1500","2014-01-26 00:00:00"
"136","42","1","171","2014-01-26 00:00:00"
"137","60","1","214","2014-01-27 00:00:00"
"138","59","1","214","2014-01-27 00:00:00"
"139","80","1","357","2014-01-27 00:00:00"
"140","16","1","150","2014-01-27 00:00:00"
"141","8","1","100","2014-01-27 00:00:00"
"142","28","1","50","2014-01-27 00:00:00"
"143","45","1","57","2014-01-27 00:00:00"
"144","65","1","357","2014-01-27 00:00:00"
"145","65","1","0","2014-01-27 00:00:00"
"146","22","1","500","2014-01-27 00:00:00"
"147","64","1","357","2014-01-27 00:00:00"
"148","55","1","1286","2014-01-27 00:00:00"
"149","82","1","357","2014-01-27 00:00:00"
"150","58","1","1000","2014-01-27 00:00:00"
"151","58","1","0","2014-01-27 00:00:00"
"152","13","2","1500","2014-01-27 00:00:00"
"153","72","2","200","2014-01-27 00:00:00"
"154","70","2","200","2014-01-27 00:00:00"
"155","25","2","500","2014-01-27 00:00:00"
"156","17","2","571","2014-01-27 00:00:00"
"161","25","1","500","2014-01-28 00:00:00"
"162","13","1","1500","2014-01-28 00:00:00"
"163","70","1","200","2014-01-28 00:00:00"
"164","72","1","200","2014-01-28 00:00:00"
"165","25","1","500","2014-01-29 00:00:00"
"166","43","1","500","2014-01-29 00:00:00"
"167","13","2","-1500","2014-01-30 00:00:00"
"168","70","2","-200","2014-01-30 00:00:00"
"169","72","2","-200","2014-01-30 00:00:00"
"170","38","2","500","2014-01-30 00:00:00"
"171","37","2","500","2014-01-30 00:00:00"
"172","18","2","429","2014-01-30 00:00:00"
"173","76","2","429","2014-01-30 00:00:00"
"174","14","2","429","2014-01-30 00:00:00"
"175","86","2","500","2014-01-30 00:00:00"
"176","25","1","500","2014-01-30 00:00:00"
"177","13","1","3000","2014-01-30 00:00:00"
"178","72","1","400","2014-01-30 00:00:00"
"179","70","1","400","2014-01-30 00:00:00"
"180","41","1","500","2014-01-30 00:00:00"
"181","48","1","86","2014-01-31 00:00:00"
"182","25","1","500","2014-01-31 00:00:00"
"183","34","1","86","2014-01-31 00:00:00"
"184","34","1","0","2014-01-31 00:00:00"
"185","28","1","100","2014-01-31 00:00:00"
"186","45","1","114","2014-01-31 00:00:00"
"187","16","1","200","2014-01-31 00:00:00"
"188","8","1","200","2014-01-31 00:00:00"
"189","70","1","200","2014-01-31 00:00:00"
"190","32","1","71","2014-01-31 00:00:00"
"191","35","1","143","2014-01-31 00:00:00"
"192","33","1","286","2014-01-31 00:00:00"
"193","26","1","171","2014-01-31 00:00:00"
"194","29","1","357","2014-01-31 00:00:00"
"195","26","1","0","2014-01-31 00:00:00"
"196","27","1","357","2014-01-31 00:00:00"
"197","16","1","200","2014-01-31 00:00:00"
"198","13","1","1500","2014-01-31 00:00:00"
"199","72","1","200","2014-01-31 00:00:00"
"200","40","2","429","2014-01-31 00:00:00"
"201","15","2","86","2014-01-31 00:00:00"
"202","81","2","257","2014-01-31 00:00:00"
"203","11","2","429","2014-01-31 00:00:00"
"204","52","2","857","2014-01-31 00:00:00"
"205","53","2","429","2014-01-31 00:00:00"
"206","9","2","171","2014-01-31 00:00:00"
"207","20","2","43","2014-01-31 00:00:00"
"208","44","2","429","2014-01-31 00:00:00"
"209","9","2","-15","2014-02-01 00:00:00"
"210","25","2","500","2014-02-01 00:00:00"
"211","51","2","300","2014-02-01 00:00:00"
"212","70","2","200","2014-02-01 00:00:00"
"213","67","1","429","2014-02-01 00:00:00"
"214","68","1","100","2014-02-01 00:00:00"
"215","69","2","500","2014-02-01 00:00:00"
"216","39","1","429","2014-02-01 00:00:00"
"217","12","1","186","2014-02-01 00:00:00"
"218","68","1","0","2014-02-01 00:00:00"
"219","41","1","250","2014-02-01 00:00:00"
"220","50","1","464","2014-02-01 00:00:00"
"221","10","1","200","2014-02-01 00:00:00"
"222","65","2","357","2014-02-01 00:00:00"
"223","37","2","250","2014-02-01 00:00:00"
"224","13","2","1500","2014-02-01 00:00:00"
"225","60","2","214","2014-02-01 00:00:00"
"226","59","2","214","2014-02-01 00:00:00"
"227","24","1","-500","2014-02-02 00:00:00"
"228","72","2","-200","2014-02-02 00:00:00"
"229","25","1","500","2014-02-02 00:00:00"
"230","55","1","1286","2014-02-02 00:00:00"
"231","72","2","400","2014-02-02 00:00:00"
"232","70","2","200","2014-02-02 00:00:00"
"233","13","2","1500","2014-02-02 00:00:00"
"234","64","1","429","2014-02-02 00:00:00"
"235","41","1","125","2014-02-02 00:00:00"
"236","24","1","-536","2014-02-03 00:00:00"
"237","80","1","-250","2014-02-03 00:00:00"
"238","25","1","500","2014-02-03 00:00:00"
"239","80","1","500","2014-02-03 00:00:00"
"240","87","1","200","2014-02-03 00:00:00"
"241","70","1","200","2014-02-03 00:00:00"
"242","38","2","500","2014-02-03 00:00:00"
"243","43","2","625","2014-02-03 00:00:00"
"244","77","2","857","2014-02-03 00:00:00"
"245","24","2","1071","2014-02-03 00:00:00"
"246","77","2","0","2014-02-03 00:00:00"
"247","72","1","200","2014-02-03 00:00:00"
"248","13","1","1500","2014-02-03 00:00:00"
"249","17","1","571","2014-02-04 00:00:00"
"250","17","1","0","2014-02-04 00:00:00"
"251","16","1","200","2014-02-04 00:00:00"
"252","16","1","0","2014-02-04 00:00:00"
"253","74","1","393","2014-02-04 00:00:00"
"254","8","1","200","2014-02-04 00:00:00"
"255","8","1","0","2014-02-04 00:00:00"
"256","79","1","357","2014-02-04 00:00:00"
"257","86","1","357","2014-02-04 00:00:00"
"258","43","1","125","2014-02-04 00:00:00"
"259","56","1","357","2014-02-04 00:00:00"
"260","37","1","375","2014-02-04 00:00:00"
"261","41","1","250","2014-02-04 00:00:00"
"262","31","1","140","2014-02-04 00:00:00"
"263","25","1","500","2014-02-04 00:00:00"
"264","28","1","100","2014-02-04 00:00:00"
"265","45","1","114","2014-02-04 00:00:00"
"266","87","1","200","2014-02-04 00:00:00"
"267","46","1","500","2014-02-04 00:00:00"
"268","13","2","1500","2014-02-04 00:00:00"
"269","72","2","200","2014-02-04 00:00:00"
"270","82","2","571","2014-02-04 00:00:00"
"271","25","1","500","2014-02-05 00:00:00"
"272","13","1","1500","2014-02-05 00:00:00"
"273","14","1","-250","2014-02-06 00:00:00"
"274","72","1","-200","2014-02-06 00:00:00"
"275","88","1","-250","2014-02-06 00:00:00"
"276","76","2","-250","2014-02-06 00:00:00"
"277","78","2","-465","2014-02-06 00:00:00"
"278","87","2","-200","2014-02-06 00:00:00"
"279","87","2","400","2014-02-06 00:00:00"
"280","17","2","143","2014-02-06 00:00:00"
"281","25","1","500","2014-02-06 00:00:00"
"282","88","1","500","2014-02-06 00:00:00"
"283","70","1","200","2014-02-06 00:00:00"
"284","34","2","86","2014-02-06 00:00:00"
"285","33","2","343","2014-02-06 00:00:00"
"286","26","2","171","2014-02-06 00:00:00"
"287","15","2","86","2014-02-06 00:00:00"
"288","53","2","429","2014-02-06 00:00:00"
"289","14","1","500","2014-02-06 00:00:00"
"290","81","1","257","2014-02-06 00:00:00"
"291","9","1","171","2014-02-06 00:00:00"
"292","76","2","500","2014-02-06 00:00:00"
"293","72","1","400","2014-02-06 00:00:00"
"294","78","1","929","2014-02-06 00:00:00"
"295","13","2","1500","2014-02-06 00:00:00"
"296","11","1","-286","2014-02-08 00:00:00"
"297","13","1","-1500","2014-02-08 00:00:00"
"298","52","1","-572","2014-02-08 00:00:00"
"299","23","2","-250","2014-02-08 00:00:00"
"300","25","2","-500","2014-02-08 00:00:00"
"301","27","2","-286","2014-02-08 00:00:00"
"302","29","2","-286","2014-02-08 00:00:00"
"303","40","2","-286","2014-02-08 00:00:00"
"304","44","2","-286","2014-02-08 00:00:00"
"305","72","2","-200","2014-02-08 00:00:00"
"306","25","1","1000","2014-02-08 00:00:00"
"307","28","1","100","2014-02-08 00:00:00"
"308","65","1","500","2014-02-08 00:00:00"
"309","38","1","625","2014-02-08 00:00:00"
"310","38","1","0","2014-02-08 00:00:00"
"311","67","1","500","2014-02-08 00:00:00"
"312","37","1","500","2014-02-08 00:00:00"
"313","27","1","571","2014-02-08 00:00:00"
"314","9","2","57","2014-02-08 00:00:00"
"315","81","2","86","2014-02-08 00:00:00"
"316","80","2","357","2014-02-08 00:00:00"
"317","10","2","200","2014-02-08 00:00:00"
"318","8","2","200","2014-02-08 00:00:00"
"319","11","2","571","2014-02-08 00:00:00"
"320","60","2","300","2014-02-08 00:00:00"
"321","59","2","300","2014-02-08 00:00:00"
"322","16","2","200","2014-02-08 00:00:00"
"323","15","2","29","2014-02-08 00:00:00"
"324","51","2","300","2014-02-08 00:00:00"
"325","74","2","143","2014-02-08 00:00:00"
"326","50","2","250","2014-02-08 00:00:00"
"327","17","2","143","2014-02-08 00:00:00"
"328","32","2","57","2014-02-08 00:00:00"
"329","35","2","114","2014-02-08 00:00:00"
"330","33","2","114","2014-02-08 00:00:00"
"331","54","2","43","2014-02-08 00:00:00"
"332","87","2","400","2014-02-08 00:00:00"
"333","18","2","321","2014-02-08 00:00:00"
"334","23","2","500","2014-02-08 00:00:00"
"335","20","2","57","2014-02-08 00:00:00"
"336","88","2","143","2014-02-08 00:00:00"
"337","20","2","0","2014-02-08 00:00:00"
"338","24","2","357","2014-02-08 00:00:00"
"339","29","2","571","2014-02-08 00:00:00"
"340","26","2","57","2014-02-08 00:00:00"
"341","30","2","43","2014-02-08 00:00:00"
"342","47","2","600","2014-02-08 00:00:00"
"343","69","2","500","2014-02-08 00:00:00"
"344","64","2","429","2014-02-08 00:00:00"
"345","41","2","500","2014-02-08 00:00:00"
"346","40","2","571","2014-02-08 00:00:00"
"347","45","2","114","2014-02-08 00:00:00"
"348","43","2","500","2014-02-08 00:00:00"
"349","44","2","571","2014-02-08 00:00:00"
"350","46","2","143","2014-02-08 00:00:00"
"351","56","2","143","2014-02-08 00:00:00"
"352","58","2","400","2014-02-08 00:00:00"
"353","42","2","186","2014-02-08 00:00:00"
"354","21","2","333","2014-02-08 00:00:00"
"355","13","2","3000","2014-02-08 00:00:00"
"356","77","2","357","2014-02-08 00:00:00"
"357","79","2","143","2014-02-08 00:00:00"
"358","22","2","429","2014-02-08 00:00:00"
"359","12","2","100","2014-02-08 00:00:00"
"360","52","2","1143","2014-02-08 00:00:00"
"361","53","2","143","2014-02-08 00:00:00"
"362","78","2","143","2014-02-08 00:00:00"
"363","82","2","286","2014-02-08 00:00:00"
"364","72","2","400","2014-02-08 00:00:00"
"365","70","2","400","2014-02-08 00:00:00"
"366","21","2","-9","2014-02-09 00:00:00"
"367","72","2","200","2014-02-09 00:00:00"
"368","87","2","200","2014-02-09 00:00:00"
"369","13","2","1500","2014-02-09 00:00:00"
"370","70","2","200","2014-02-09 00:00:00"
"371","36","2","173","2014-02-09 00:00:00"
"372","25","2","500","2014-02-09 00:00:00"
"373","55","1","-857","2014-02-10 00:00:00"
"374","55","1","1714","2014-02-10 00:00:00"
"375","25","1","500","2014-02-10 00:00:00"
"376","87","1","200","2014-02-10 00:00:00"
"377","86","1","429","2014-02-10 00:00:00"
"378","70","1","200","2014-02-10 00:00:00"
"379","72","1","200","2014-02-10 00:00:00"
"380","13","2","1500","2014-02-10 00:00:00"
"381","25","2","500","2014-02-11 00:00:00"
"382","13","2","1500","2014-02-11 00:00:00"
"383","72","1","200","2014-02-11 00:00:00"
"384","87","2","200","2014-02-11 00:00:00"
"385","70","1","-200","2014-02-12 00:00:00"
"386","25","1","500","2014-02-12 00:00:00"
"387","41","1","500","2014-02-12 00:00:00"
"388","19","1","833","2014-02-12 00:00:00"
"389","76","1","429","2014-02-12 00:00:00"
"390","14","1","429","2014-02-12 00:00:00"
"391","28","2","125","2014-02-13 00:00:00"
"392","34","2","100","2014-02-13 00:00:00"
"393","13","2","3000","2014-02-13 00:00:00"
"394","70","2","600","2014-02-13 00:00:00"
"395","72","1","400","2014-02-13 00:00:00"
"396","49","1","-434","2014-02-13 00:00:00"
"397","72","1","-100","2014-02-13 00:00:00"
"398","49","2","867","2014-02-13 00:00:00"
"399","38","2","625","2014-02-13 00:00:00"
"400","37","2","625","2014-02-13 00:00:00"
"401","43","2","625","2014-02-13 00:00:00"
"402","16","2","250","2014-02-13 00:00:00"
"403","8","2","250","2014-02-13 00:00:00"
"404","72","2","200","2014-02-13 00:00:00"
"405","13","2","1500","2014-02-13 00:00:00"
"406","87","2","400","2014-02-13 00:00:00"
"407","25","1","-500","2014-02-14 00:00:00"
"408","39","1","-232","2014-02-14 00:00:00"
"409","70","1","-200","2014-02-14 00:00:00"
"410","13","1","-1500","2014-02-15 00:00:00"
"411","25","1","-750","2014-02-15 00:00:00"
"412","53","1","-250","2014-02-15 00:00:00"
"413","70","1","-300","2014-02-15 00:00:00"
"414","72","1","-200","2014-02-15 00:00:00"
"415","81","1","-150","2014-02-15 00:00:00"
"416","11","2","-250","2014-02-15 00:00:00"
"417","15","2","-50","2014-02-15 00:00:00"
"418","27","2","-250","2014-02-15 00:00:00"
"419","33","2","-200","2014-02-15 00:00:00"
"420","40","2","-250","2014-02-15 00:00:00"
"421","52","2","-500","2014-02-15 00:00:00"
"422","70","1","600","2014-02-15 00:00:00"
"423","25","1","1500","2014-02-15 00:00:00"
"424","81","1","300","2014-02-15 00:00:00"
"425","11","1","500","2014-02-15 00:00:00"
"426","33","2","400","2014-02-15 00:00:00"
"427","26","2","200","2014-02-15 00:00:00"
"428","40","2","500","2014-02-15 00:00:00"
"429","15","2","100","2014-02-15 00:00:00"
"430","52","2","1000","2014-02-15 00:00:00"
"431","59","2","300","2014-02-15 00:00:00"
"432","53","2","500","2014-02-15 00:00:00"
"433","13","2","4500","2014-02-16 00:00:00"
"434","72","2","600","2014-02-16 00:00:00"
"435","25","1","500","2014-02-16 00:00:00"
"436","44","1","571","2014-02-16 00:00:00"
"437","72","1","200","2014-02-16 00:00:00"
"438","87","2","300","2014-02-16 00:00:00"
"439","13","2","1500","2014-02-16 00:00:00"
"440","87","2","0","2014-02-16 00:00:00"
"441","29","2","571","2014-02-16 00:00:00"
"442","60","2","343","2014-02-16 00:00:00"
"443","80","2","571","2014-02-16 00:00:00"
"444","70","2","200","2014-02-16 00:00:00"
"445","88","2","571","2014-02-16 00:00:00"
"446","64","1","571","2014-02-16 00:00:00"
"447","89","1","200","2014-02-16 00:00:00"
"448","41","1","500","2014-02-16 00:00:00"
"449","27","1","-322","2014-02-17 00:00:00"
"450","28","2","125","2014-02-17 00:00:00"
"451","34","2","71","2014-02-17 00:00:00"
"452","45","2","257","2014-02-17 00:00:00"
"453","27","2","643","2014-02-17 00:00:00"
"454","55","2","1500","2014-02-17 00:00:00"
"455","67","1","643","2014-02-17 00:00:00"
"456","13","1","1500","2014-02-17 00:00:00"
"457","25","2","500","2014-02-17 00:00:00"
"458","10","2","257","2014-02-17 00:00:00"
"459","72","2","200","2014-02-17 00:00:00"
"460","70","2","200","2014-02-17 00:00:00"
"461","72","2","0","2014-02-17 00:00:00"
"462","69","1","-357","2014-02-18 00:00:00"
"463","75","1","-217","2014-02-18 00:00:00"
"464","75","1","433","2014-02-18 00:00:00"
"465","63","1","433","2014-02-18 00:00:00"
"466","66","1","433","2014-02-18 00:00:00"
"467","39","1","607","2014-02-18 00:00:00"
"468","86","1","571","2014-02-18 00:00:00"
"469","25","2","500","2014-02-18 00:00:00"
"470","82","2","714","2014-02-18 00:00:00"
"471","87","2","200","2014-02-18 00:00:00"
"472","69","2","714","2014-02-18 00:00:00"
"473","9","2","286","2014-02-18 00:00:00"
"474","72","2","200","2014-02-18 00:00:00"
"475","70","2","200","2014-02-18 00:00:00"
"476","14","1","429","2014-02-18 00:00:00"
"477","13","2","1500","2014-02-18 00:00:00"
"478","38","1","750","2014-02-19 00:00:00"
"479","37","1","750","2014-02-19 00:00:00"
"480","41","1","375","2014-02-19 00:00:00"
"481","65","1","786","2014-02-19 00:00:00"
"482","43","1","750","2014-02-19 00:00:00"
"483","16","1","300","2014-02-19 00:00:00"
"484","8","1","300","2014-02-19 00:00:00"
"485","87","1","100","2014-02-19 00:00:00"
"486","25","1","500","2014-02-19 00:00:00"
"487","51","1","471","2014-02-19 00:00:00"
"488","72","1","200","2014-02-19 00:00:00"
"489","70","1","200","2014-02-19 00:00:00"
"490","13","2","1500","2014-02-19 00:00:00"
"491","76","2","500","2014-02-19 00:00:00"
"492","17","1","-429","2014-02-20 00:00:00"
"493","87","1","100","2014-02-20 00:00:00"
"494","23","1","429","2014-02-20 00:00:00"
"495","25","1","500","2014-02-20 00:00:00"
"496","42","1","171","2014-02-20 00:00:00"
"497","70","1","200","2014-02-20 00:00:00"
"498","78","1","857","2014-02-20 00:00:00"
"499","32","1","86","2014-02-20 00:00:00"
"500","35","1","171","2014-02-20 00:00:00"
"501","24","1","857","2014-02-20 00:00:00"
"502","17","1","857","2014-02-20 00:00:00"
"503","72","1","200","2014-02-20 00:00:00"
"504","13","2","1500","2014-02-20 00:00:00"
"505","62","1","-90","2014-02-21 00:00:00"
"506","25","1","500","2014-02-21 00:00:00"
"507","33","1","343","2014-02-21 00:00:00"
"508","33","1","0","2014-02-21 00:00:00"
"509","26","1","171","2014-02-21 00:00:00"
"510","28","1","100","2014-02-21 00:00:00"
"511","52","1","857","2014-02-21 00:00:00"
"512","59","1","257","2014-02-21 00:00:00"
"513","53","1","429","2014-02-21 00:00:00"
"514","40","1","429","2014-02-21 00:00:00"
"515","40","1","0","2014-02-21 00:00:00"
"516","11","1","429","2014-02-21 00:00:00"
"517","70","1","200","2014-02-21 00:00:00"
"518","81","1","257","2014-02-21 00:00:00"
"519","72","1","200","2014-02-21 00:00:00"
"520","13","1","-1500","2014-02-22 00:00:00"
"521","29","2","429","2014-02-22 00:00:00"
"522","87","2","200","2014-02-22 00:00:00"
"523","18","2","500","2014-02-22 00:00:00"
"524","88","2","429","2014-02-22 00:00:00"
"525","79","2","500","2014-02-22 00:00:00"
"526","12","2","200","2014-02-22 00:00:00"
"527","25","2","500","2014-02-22 00:00:00"
"528","89","2","171","2014-02-22 00:00:00"
"529","20","2","100","2014-02-22 00:00:00"
"530","15","2","100","2014-02-22 00:00:00"
"531","44","2","429","2014-02-22 00:00:00"
"532","44","2","0","2014-02-22 00:00:00"
"533","72","1","200","2014-02-22 00:00:00"
"534","64","2","429","2014-02-22 00:00:00"
"535","13","2","3000","2014-02-22 00:00:00"
"536","70","2","200","2014-02-22 00:00:00"
"537","25","1","500","2014-02-23 00:00:00"
"538","41","1","500","2014-02-23 00:00:00"
"539","13","1","1500","2014-02-23 00:00:00"
"540","72","1","200","2014-02-23 00:00:00"
"541","27","1","429","2014-02-23 00:00:00"
"542","55","1","1286","2014-02-23 00:00:00"
"543","34","1","86","2014-02-23 00:00:00"
"544","16","1","200","2014-02-23 00:00:00"
"545","70","1","100","2014-02-23 00:00:00"
"546","77","1","1071","2014-02-23 00:00:00"
"547","87","1","100","2014-02-23 00:00:00"
"548","60","1","300","2014-02-23 00:00:00"
"549","25","1","500","2014-02-24 00:00:00"
"550","69","1","429","2014-02-24 00:00:00"
"551","67","1","500","2014-02-24 00:00:00"
"552","80","1","571","2014-02-24 00:00:00"
"553","14","1","429","2014-02-24 00:00:00"
"554","87","1","100","2014-02-24 00:00:00"
"555","45","1","200","2014-02-24 00:00:00"
"556","28","1","75","2014-02-24 00:00:00"
"557","8","1","250","2014-02-24 00:00:00"
"558","61","1","483","2014-02-24 00:00:00"
"559","73","1","967","2014-02-24 00:00:00"
"560","13","1","1500","2014-02-24 00:00:00"
"561","72","1","200","2014-02-24 00:00:00"
"562","61","1","483","2014-02-24 00:00:00"
"563","72","1","200","2014-02-25 00:00:00"
"564","13","1","1500","2014-02-25 00:00:00"
"565","70","1","200","2014-02-25 00:00:00"
"566","87","1","100","2014-02-25 00:00:00"
"567","25","1","500","2014-02-25 00:00:00"
"568","10","1","229","2014-02-25 00:00:00"
"569","86","1","500","2014-02-25 00:00:00"
"570","38","2","750","2014-02-25 00:00:00"
"571","37","2","750","2014-02-25 00:00:00"
"572","43","2","750","2014-02-25 00:00:00"
"573","74","2","607","2014-02-25 00:00:00"
"574","76","2","429","2014-02-25 00:00:00"
"575","22","2","607","2014-02-25 00:00:00"
"576","57","2","533","2014-02-26 00:00:00"
"577","46","2","643","2014-02-26 00:00:00"
"578","50","2","643","2014-02-26 00:00:00"
"579","65","2","500","2014-02-26 00:00:00"
"580","48","2","87","2014-02-26 00:00:00"
"581","82","2","571","2014-02-26 00:00:00"
"582","51","2","300","2014-02-26 00:00:00"
"583","13","1","1500","2014-02-26 00:00:00"
"584","72","1","200","2014-02-26 00:00:00"
"585","25","1","500","2014-02-26 00:00:00"
"586","87","2","100","2014-02-26 00:00:00"
"587","89","2","114","2014-02-26 00:00:00"
"588","9","1","229","2014-02-26 00:00:00"
"589","56","1","643","2014-02-26 00:00:00"
"590","62","1","-110","2014-02-27 00:00:00"
"591","87","1","100","2014-02-27 00:00:00"
"592","70","1","200","2014-02-27 00:00:00"
"593","25","1","500","2014-02-27 00:00:00"
"594","25","1","0","2014-02-27 00:00:00"
"595","33","1","343","2014-02-27 00:00:00"
"596","41","1","500","2014-02-27 00:00:00"
"597","40","1","429","2014-02-27 00:00:00"
"598","11","1","429","2014-02-27 00:00:00"
"599","72","1","200","2014-02-27 00:00:00"
"600","13","1","-1500","2014-02-28 00:00:00"
"601","52","2","-500","2014-02-28 00:00:00"
"602","87","2","100","2014-02-28 00:00:00"
"603","13","1","-2250","2014-03-01 00:00:00"
"604","26","1","-115","2014-03-01 00:00:00"
"605","52","1","-572","2014-03-01 00:00:00"
"606","72","1","-200","2014-03-01 00:00:00"
"607","81","1","-172","2014-03-01 00:00:00"
"608","15","2","-50","2014-03-01 00:00:00"
"609","16","2","-150","2014-03-01 00:00:00"
"610","25","2","-500","2014-03-01 00:00:00"
"611","28","2","-63","2014-03-01 00:00:00"
"612","29","2","-250","2014-03-01 00:00:00"
"613","44","2","-250","2014-03-01 00:00:00"
"614","64","2","-250","2014-03-01 00:00:00"
"615","88","2","-250","2014-03-01 00:00:00"
"616","28","2","125","2014-03-01 00:00:00"
"617","87","2","100","2014-03-01 00:00:00"
"618","87","2","0","2014-03-01 00:00:00"
"619","25","2","1000","2014-03-01 00:00:00"
"620","34","2","20","2014-03-01 00:00:00"
"621","38","2","500","2014-03-01 00:00:00"
"622","37","2","500","2014-03-01 00:00:00"
"623","43","2","500","2014-03-01 00:00:00"
"624","8","2","250","2014-03-01 00:00:00"
"625","26","2","229","2014-03-01 00:00:00"
"626","29","2","500","2014-03-01 00:00:00"
"627","29","2","0","2014-03-01 00:00:00"
"628","15","2","100","2014-03-01 00:00:00"
"629","16","2","300","2014-03-01 00:00:00"
"630","89","2","86","2014-03-01 00:00:00"
"631","52","2","1143","2014-03-01 00:00:00"
"632","44","2","500","2014-03-01 00:00:00"
"633","81","2","343","2014-03-01 00:00:00"
"634","88","2","500","2014-03-01 00:00:00"
"635","70","2","200","2014-03-01 00:00:00"
"636","64","2","500","2014-03-01 00:00:00"
"637","13","2","4500","2014-03-01 00:00:00"
"638","17","2","643","2014-03-01 00:00:00"
"639","72","1","-300","2014-03-02 00:00:00"
"640","25","2","500","2014-03-02 00:00:00"
"641","87","2","100","2014-03-02 00:00:00"
"642","67","2","429","2014-03-02 00:00:00"
"643","27","2","500","2014-03-02 00:00:00"
"644","55","2","1500","2014-03-02 00:00:00"
"645","80","2","429","2014-03-02 00:00:00"
"646","14","2","429","2014-03-02 00:00:00"
"647","31","2","173","2014-03-02 00:00:00"
"648","62","1","240","2014-03-02 00:00:00"
"649","13","2","1500","2014-03-02 00:00:00"
"650","72","2","600","2014-03-02 00:00:00"
"651","10","1","171","2014-03-03 00:00:00"
"652","68","1","500","2014-03-03 00:00:00"
"653","41","1","500","2014-03-03 00:00:00"
"654","13","1","1500","2014-03-03 00:00:00"
"655","39","1","464","2014-03-03 00:00:00"
"656","25","1","500","2014-03-03 00:00:00"
"657","72","1","200","2014-03-03 00:00:00"
"658","87","2","100","2014-03-03 00:00:00"
"659","45","2","200","2014-03-03 00:00:00"
"660","70","2","200","2014-03-03 00:00:00"
"661","76","1","-250","2014-03-04 00:00:00"
"662","86","1","-250","2014-03-04 00:00:00"
"663","25","1","500","2014-03-04 00:00:00"
"664","35","1","171","2014-03-04 00:00:00"
"665","42","1","171","2014-03-04 00:00:00"
"666","42","1","0","2014-03-04 00:00:00"
"667","87","1","100","2014-03-04 00:00:00"
"668","76","1","500","2014-03-04 00:00:00"
"669","13","1","1500","2014-03-04 00:00:00"
"670","78","1","857","2014-03-04 00:00:00"
"671","24","1","857","2014-03-04 00:00:00"
"672","72","1","200","2014-03-04 00:00:00"
"673","23","2","-232","2014-03-05 00:00:00"
"674","32","1","93","2014-03-05 00:00:00"
"675","13","2","1500","2014-03-05 00:00:00"
"676","72","2","200","2014-03-05 00:00:00"
"677","37","2","500","2014-03-05 00:00:00"
"678","47","2","833","2014-03-05 00:00:00"
"679","25","1","500","2014-03-05 00:00:00"
"680","28","1","100","2014-03-05 00:00:00"
"681","87","1","100","2014-03-05 00:00:00"
"682","28","1","0","2014-03-05 00:00:00"
"683","28","1","0","2014-03-05 00:00:00"
"684","23","1","464","2014-03-05 00:00:00"
"685","43","2","500","2014-03-05 00:00:00"
"686","70","1","200","2014-03-05 00:00:00"
"687","16","2","200","2014-03-05 00:00:00"
"688","8","2","200","2014-03-05 00:00:00"
"689","11","2","429","2014-03-05 00:00:00"
"690","40","2","429","2014-03-05 00:00:00"
"691","33","2","343","2014-03-05 00:00:00"
"692","9","2","200","2014-03-05 00:00:00"
"693","54","1","87","2014-03-06 00:00:00"
"694","30","1","87","2014-03-06 00:00:00"
"695","65","1","571","2014-03-06 00:00:00"
"696","38","1","625","2014-03-06 00:00:00"
"697","25","1","500","2014-03-06 00:00:00"
"698","36","1","167","2014-03-06 00:00:00"
"699","87","1","100","2014-03-06 00:00:00"
"700","79","2","429","2014-03-06 00:00:00"
"701","79","2","0","2014-03-06 00:00:00"
"702","79","2","0","2014-03-06 00:00:00"
"703","51","2","343","2014-03-06 00:00:00"
"704","21","2","433","2014-03-06 00:00:00"
"705","12","2","171","2014-03-06 00:00:00"
"706","13","2","1500","2014-03-06 00:00:00"
"707","72","2","200","2014-03-06 00:00:00"
"708","82","2","571","2014-03-06 00:00:00"
"709","18","1","-232","2014-03-07 00:00:00"
"710","18","1","-250","2014-03-08 00:00:00"
"711","26","1","-100","2014-03-08 00:00:00"
"712","29","1","-250","2014-03-08 00:00:00"
"713","44","1","-250","2014-03-08 00:00:00"
"714","64","1","-250","2014-03-08 00:00:00"
"715","81","1","-150","2014-03-08 00:00:00"
"716","88","1","-250","2014-03-08 00:00:00"
"717","13","2","-1500","2014-03-08 00:00:00"
"718","25","2","-500","2014-03-08 00:00:00"
"719","41","2","-313","2014-03-08 00:00:00"
"720","70","2","-150","2014-03-08 00:00:00"
"721","72","2","-200","2014-03-08 00:00:00"
"722","87","2","-100","2014-03-08 00:00:00"
"723","89","2","-100","2014-03-08 00:00:00"
"724","26","2","200","2014-03-08 00:00:00"
"725","29","2","500","2014-03-08 00:00:00"
"726","25","2","1000","2014-03-08 00:00:00"
"727","88","2","500","2014-03-08 00:00:00"
"728","81","2","300","2014-03-08 00:00:00"
"729","52","2","1000","2014-03-08 00:00:00"
"730","89","2","200","2014-03-08 00:00:00"
"731","44","2","500","2014-03-08 00:00:00"
"732","41","2","625","2014-03-08 00:00:00"
"733","72","2","400","2014-03-08 00:00:00"
"734","70","2","300","2014-03-08 00:00:00"
"735","87","2","200","2014-03-08 00:00:00"
"736","13","1","-2250","2014-03-09 00:00:00"
"737","25","2","500","2014-03-09 00:00:00"
"738","28","2","100","2014-03-09 00:00:00"
"739","48","2","37","2014-03-09 00:00:00"
"740","34","2","27","2014-03-09 00:00:00"
"741","45","2","171","2014-03-09 00:00:00"
"742","14","2","500","2014-03-09 00:00:00"
"743","27","2","500","2014-03-09 00:00:00"
"744","55","2","1500","2014-03-09 00:00:00"
"745","13","2","4500","2014-03-09 00:00:00"
"746","72","2","200","2014-03-09 00:00:00"
"747","15","2","114","2014-03-09 00:00:00"
"748","87","2","100","2014-03-09 00:00:00"
"749","18","2","536","2014-03-09 00:00:00"
"750","20","2","107","2014-03-09 00:00:00"
"751","64","2","571","2014-03-09 00:00:00"
"752","25","1","500","2014-03-10 00:00:00"
"753","67","1","571","2014-03-10 00:00:00"
"754","80","1","571","2014-03-10 00:00:00"
"755","69","1","500","2014-03-10 00:00:00"
"756","70","1","200","2014-03-10 00:00:00"
"757","8","1","250","2014-03-10 00:00:00"
"758","86","1","464","2014-03-10 00:00:00"
"759","76","1","429","2014-03-10 00:00:00"
"760","87","1","100","2014-03-10 00:00:00"
"761","17","1","643","2014-03-10 00:00:00"
"762","77","1","-572","2014-03-11 00:00:00"
"763","13","2","-1500","2014-03-11 00:00:00"
"764","72","2","-200","2014-03-11 00:00:00"
"765","9","1","171","2014-03-11 00:00:00"
"766","77","1","1143","2014-03-11 00:00:00"
"767","87","1","100","2014-03-11 00:00:00"
"768","16","1","300","2014-03-11 00:00:00"
"769","25","1","500","2014-03-11 00:00:00"
"770","33","1","343","2014-03-11 00:00:00"
"771","11","1","429","2014-03-11 00:00:00"
"772","10","1","229","2014-03-11 00:00:00"
"773","40","1","429","2014-03-11 00:00:00"
"774","72","1","400","2014-03-11 00:00:00"
"775","13","1","-2250","2014-03-12 00:00:00"
"776","19","2","-467","2014-03-12 00:00:00"
"777","25","1","500","2014-03-12 00:00:00"
"778","41","1","500","2014-03-12 00:00:00"
"779","87","1","100","2014-03-12 00:00:00"
"780","19","2","933","2014-03-12 00:00:00"
"781","13","2","4500","2014-03-12 00:00:00"
"782","70","2","200","2014-03-12 00:00:00"
"783","72","1","-200","2014-03-13 00:00:00"
"784","37","2","-500","2014-03-13 00:00:00"
"785","43","2","-500","2014-03-13 00:00:00"
"786","49","2","-467","2014-03-13 00:00:00"
"787","38","2","875","2014-03-13 00:00:00"
"788","37","2","1000","2014-03-13 00:00:00"
"789","58","2","1100","2014-03-13 00:00:00"
"790","49","1","933","2014-03-13 00:00:00"
"791","25","1","500","2014-03-13 00:00:00"
"792","74","1","571","2014-03-13 00:00:00"
"793","22","1","571","2014-03-13 00:00:00"
"794","43","2","1000","2014-03-13 00:00:00"
"795","56","2","536","2014-03-13 00:00:00"
"796","87","2","100","2014-03-13 00:00:00"
"797","13","2","1500","2014-03-13 00:00:00"
"798","72","2","400","2014-03-13 00:00:00"
"799","28","2","100","2014-03-13 00:00:00"
"800","51","2","300","2014-03-13 00:00:00"
"801","25","1","500","2014-03-14 00:00:00"
"802","82","1","571","2014-03-14 00:00:00"
"803","25","1","0","2014-03-14 00:00:00"
"804","87","1","100","2014-03-14 00:00:00"
"805","13","1","1500","2014-03-14 00:00:00"
"806","88","1","429","2014-03-14 00:00:00"
"807","81","1","257","2014-03-14 00:00:00"
"808","70","1","200","2014-03-14 00:00:00"
"809","89","2","171","2014-03-14 00:00:00"
"810","52","2","857","2014-03-14 00:00:00"
"811","29","2","429","2014-03-14 00:00:00"
"812","44","2","429","2014-03-14 00:00:00"
"813","26","1","171","2014-03-14 00:00:00"
"814","72","1","200","2014-03-14 00:00:00"
"815","65","1","571","2014-03-14 00:00:00"
"816","25","2","500","2014-03-15 00:00:00"
"817","27","2","429","2014-03-15 00:00:00"
"818","55","2","1286","2014-03-15 00:00:00"
"819","66","2","417","2014-03-15 00:00:00"
"820","87","2","100","2014-03-15 00:00:00"
"821","75","2","417","2014-03-15 00:00:00"
"822","14","2","429","2014-03-15 00:00:00"
"823","13","2","1500","2014-03-15 00:00:00"
"824","64","2","-250","2014-03-16 00:00:00"
"825","72","2","-200","2014-03-16 00:00:00"
"826","64","2","500","2014-03-16 00:00:00"
"827","25","2","500","2014-03-16 00:00:00"
"828","76","2","429","2014-03-16 00:00:00"
"829","79","2","357","2014-03-16 00:00:00"
"830","78","2","857","2014-03-16 00:00:00"
"831","78","2","0","2014-03-16 00:00:00"
"832","50","2","643","2014-03-16 00:00:00"
"833","15","2","100","2014-03-16 00:00:00"
"834","16","2","250","2014-03-16 00:00:00"
"835","17","2","429","2014-03-16 00:00:00"
"836","63","2","433","2014-03-16 00:00:00"
"837","41","2","500","2014-03-16 00:00:00"
"838","72","2","400","2014-03-16 00:00:00"
"839","70","2","200","2014-03-16 00:00:00"
"840","87","2","100","2014-03-16 00:00:00"
"841","39","2","464","2014-03-16 00:00:00"
"842","13","2","1500","2014-03-16 00:00:00"
"843","50","2","-18","2014-03-17 00:00:00"
"844","25","1","500","2014-03-17 00:00:00"
"845","32","1","86","2014-03-17 00:00:00"
"846","35","1","186","2014-03-17 00:00:00"
"847","33","1","343","2014-03-17 00:00:00"
"848","67","1","500","2014-03-17 00:00:00"
"849","38","1","500","2014-03-17 00:00:00"
"850","37","1","500","2014-03-17 00:00:00"
"851","37","1","0","2014-03-17 00:00:00"
"852","40","1","429","2014-03-17 00:00:00"
"853","80","1","500","2014-03-17 00:00:00"
"854","8","1","350","2014-03-17 00:00:00"
"855","11","1","429","2014-03-17 00:00:00"
"856","13","2","1500","2014-03-17 00:00:00"
"857","87","2","100","2014-03-17 00:00:00"
"858","42","1","186","2014-03-17 00:00:00"
"859","72","1","200","2014-03-17 00:00:00"
"860","23","1","-232","2014-03-18 00:00:00"
"861","28","1","-63","2014-03-18 00:00:00"
"862","45","1","-129","2014-03-18 00:00:00"
"863","25","1","500","2014-03-18 00:00:00"
"864","28","1","125","2014-03-18 00:00:00"
"865","45","1","257","2014-03-18 00:00:00"
"866","13","1","-1500","2014-03-19 00:00:00"
"867","23","1","-250","2014-03-19 00:00:00"
"868","59","1","-130","2014-03-19 00:00:00"
"869","70","1","-150","2014-03-19 00:00:00"
"870","72","1","-200","2014-03-19 00:00:00"
"871","24","2","-536","2014-03-19 00:00:00"
"872","43","2","-375","2014-03-19 00:00:00"
"873","46","2","-375","2014-03-19 00:00:00"
"874","53","2","-217","2014-03-19 00:00:00"
"875","87","2","-100","2014-03-19 00:00:00"
"876","25","1","500","2014-03-19 00:00:00"
"877","87","1","200","2014-03-19 00:00:00"
"878","13","1","3000","2014-03-19 00:00:00"
"879","10","1","229","2014-03-19 00:00:00"
"880","70","1","300","2014-03-19 00:00:00"
"881","23","1","500","2014-03-19 00:00:00"
"882","9","1","229","2014-03-19 00:00:00"
"883","59","1","260","2014-03-19 00:00:00"
"884","53","1","433","2014-03-19 00:00:00"
"885","43","1","750","2014-03-19 00:00:00"
"886","46","1","750","2014-03-19 00:00:00"
"887","24","1","1071","2014-03-19 00:00:00"
"888","72","1","400","2014-03-19 00:00:00"
"889","41","1","500","2014-03-20 00:00:00"
"890","25","1","500","2014-03-20 00:00:00"
"891","13","1","1500","2014-03-20 00:00:00"
"892","72","1","200","2014-03-20 00:00:00"
"893","26","2","171","2014-03-20 00:00:00"
"894","29","2","429","2014-03-20 00:00:00"
"895","87","2","100","2014-03-20 00:00:00"
"896","81","2","257","2014-03-20 00:00:00"
"897","12","2","200","2014-03-20 00:00:00"
"898","44","1","-250","2014-03-21 00:00:00"
"899","52","2","-500","2014-03-21 00:00:00"
"900","88","2","-250","2014-03-21 00:00:00"
"901","89","2","-100","2014-03-21 00:00:00"
"902","25","1","500","2014-03-21 00:00:00"
"903","87","1","100","2014-03-21 00:00:00"
"904","88","1","500","2014-03-21 00:00:00"
"905","27","1","429","2014-03-21 00:00:00"
"906","13","1","1500","2014-03-21 00:00:00"
"907","44","1","500","2014-03-21 00:00:00"
"908","90","1","500","2014-03-21 00:00:00"
"909","14","1","429","2014-03-21 00:00:00"
"910","89","1","200","2014-03-21 00:00:00"
"911","52","1","1000","2014-03-21 00:00:00"
"912","70","1","200","2014-03-21 00:00:00"
"913","72","1","-200","2014-03-22 00:00:00"
"914","25","2","500","2014-03-22 00:00:00"
"915","28","2","100","2014-03-22 00:00:00"
"916","37","2","625","2014-03-22 00:00:00"
"917","16","2","300","2014-03-22 00:00:00"
"918","87","2","100","2014-03-22 00:00:00"
"919","64","2","429","2014-03-22 00:00:00"
"920","13","2","1500","2014-03-22 00:00:00"
"921","72","2","400","2014-03-22 00:00:00"
"922","18","1","-250","2014-03-23 00:00:00"
"923","55","1","-857","2014-03-23 00:00:00"
"924","73","1","-450","2014-03-23 00:00:00"
"925","15","2","-50","2014-03-23 00:00:00"
"926","11","2","429","2014-03-23 00:00:00"
"927","25","2","500","2014-03-23 00:00:00"
"928","13","2","1500","2014-03-23 00:00:00"
"929","8","2","300","2014-03-23 00:00:00"
"930","72","2","200","2014-03-23 00:00:00"
"931","70","2","200","2014-03-23 00:00:00"
"932","87","2","100","2014-03-23 00:00:00"
"933","18","2","500","2014-03-23 00:00:00"
"934","33","2","343","2014-03-23 00:00:00"
"935","55","2","1714","2014-03-23 00:00:00"
"936","15","1","-57","2014-03-24 00:00:00"
"937","40","2","-250","2014-03-24 00:00:00"
"938","67","1","500","2014-03-24 00:00:00"
"939","38","1","875","2014-03-24 00:00:00"
"940","25","1","500","2014-03-24 00:00:00"
"941","80","1","500","2014-03-24 00:00:00"
"942","41","1","500","2014-03-24 00:00:00"
"943","69","1","500","2014-03-24 00:00:00"
"944","87","1","100","2014-03-24 00:00:00"
"945","76","1","571","2014-03-24 00:00:00"
"946","51","1","471","2014-03-24 00:00:00"
"947","15","1","114","2014-03-24 00:00:00"
"948","40","1","500","2014-03-24 00:00:00"
"949","65","1","714","2014-03-24 00:00:00"
"950","43","1","625","2014-03-24 00:00:00"
"951","20","1","107","2014-03-24 00:00:00"
"952","72","1","-200","2014-03-25 00:00:00"
"953","86","1","-268","2014-03-25 00:00:00"
"954","13","2","-1500","2014-03-25 00:00:00"
"955","13","1","-2250","2014-03-26 00:00:00"
"956","25","1","-500","2014-03-26 00:00:00"
"957","45","1","-115","2014-03-26 00:00:00"
"958","70","1","-150","2014-03-26 00:00:00"
"959","72","1","-300","2014-03-26 00:00:00"
"960","86","1","-286","2014-03-26 00:00:00"
"961","87","1","-100","2014-03-26 00:00:00"
"962","61","2","-250","2014-03-26 00:00:00"
"963","73","2","-500","2014-03-26 00:00:00"
"964","77","2","-536","2014-03-26 00:00:00"
"965","82","2","-429","2014-03-26 00:00:00"
"966","26","1","171","2014-03-26 00:00:00"
"967","29","1","429","2014-03-26 00:00:00"
"968","28","1","100","2014-03-26 00:00:00"
"969","45","1","229","2014-03-26 00:00:00"
"970","86","1","571","2014-03-26 00:00:00"
"971","70","1","300","2014-03-26 00:00:00"
"972","25","1","1000","2014-03-26 00:00:00"
"973","38","1","250","2014-03-26 00:00:00"
"974","38","1","0","2014-03-26 00:00:00"
"975","13","1","4500","2014-03-26 00:00:00"
"976","73","1","-517","2014-03-27 00:00:00"
"977","77","1","-572","2014-03-27 00:00:00"
"978","81","1","-150","2014-03-27 00:00:00"
"979","72","2","-400","2014-03-27 00:00:00"
"980","87","2","-150","2014-03-27 00:00:00"
"981","72","1","800","2014-03-27 00:00:00"
"982","13","1","1500","2014-03-27 00:00:00"
"983","87","1","300","2014-03-27 00:00:00"
"984","25","1","500","2014-03-27 00:00:00"
"985","31","1","167","2014-03-27 00:00:00"
"986","41","1","375","2014-03-27 00:00:00"
"987","27","1","429","2014-03-27 00:00:00"
"988","14","1","-250","2014-03-28 00:00:00"
"989","44","1","-250","2014-03-28 00:00:00"
"990","52","1","-500","2014-03-28 00:00:00"
"991","88","1","-250","2014-03-28 00:00:00"
"992","89","1","-100","2014-03-28 00:00:00"
"993","81","2","-172","2014-03-28 00:00:00"
"994","14","1","-286","2014-03-29 00:00:00"
"995","16","1","-175","2014-03-29 00:00:00"
"996","25","1","-500","2014-03-29 00:00:00"
"997","44","1","-286","2014-03-29 00:00:00"
"998","70","1","-150","2014-03-29 00:00:00"
"999","72","1","-200","2014-03-29 00:00:00"
"1000","81","1","-193","2014-03-29 00:00:00"
"1001","87","1","-100","2014-03-29 00:00:00"
"1002","88","1","-286","2014-03-29 00:00:00"
"1003","89","1","-115","2014-03-29 00:00:00"
"1004","13","2","-1500","2014-03-29 00:00:00"
"1005","52","2","-572","2014-03-29 00:00:00"
"1006","64","2","-250","2014-03-29 00:00:00"
"1007","25","2","1000","2014-03-29 00:00:00"
"1008","16","2","350","2014-03-29 00:00:00"
"1009","87","2","200","2014-03-29 00:00:00"
"1010","81","2","386","2014-03-29 00:00:00"
"1011","72","2","400","2014-03-29 00:00:00"
"1012","70","2","300","2014-03-29 00:00:00"
"1013","13","2","3000","2014-03-29 00:00:00"
"1014","89","2","229","2014-03-29 00:00:00"
"1015","14","1","-322","2014-03-30 00:00:00"
"1016","44","1","-322","2014-03-30 00:00:00"
"1017","52","1","-643","2014-03-30 00:00:00"
"1018","64","1","-286","2014-03-30 00:00:00"
"1019","88","1","-322","2014-03-30 00:00:00"
"1020","64","1","571","2014-03-30 00:00:00"
"1021","14","1","643","2014-03-30 00:00:00"
"1022","25","1","500","2014-03-30 00:00:00"
"1023","11","1","500","2014-03-30 00:00:00"
"1024","33","1","400","2014-03-30 00:00:00"
"1025","55","1","1500","2014-03-30 00:00:00"
"1026","44","1","643","2014-03-30 00:00:00"
"1027","52","1","1286","2014-03-30 00:00:00"
"1028","87","2","100","2014-03-30 00:00:00"
"1029","72","2","200","2014-03-30 00:00:00"
"1030","13","2","1500","2014-03-30 00:00:00"
"1031","13","2","0","2014-03-30 00:00:00"
"1032","88","2","643","2014-03-30 00:00:00"
"1033","25","1","500","2014-03-31 00:00:00"
"1034","82","1","1214","2014-03-31 00:00:00"
"1035","34","1","73","2014-03-31 00:00:00"
"1036","28","1","125","2014-03-31 00:00:00"
"1037","45","1","143","2014-03-31 00:00:00"
"1038","41","1","500","2014-03-31 00:00:00"
"1039","67","1","500","2014-03-31 00:00:00"
"1040","38","1","625","2014-03-31 00:00:00"
"1041","37","1","1125","2014-03-31 00:00:00"
"1042","40","1","500","2014-03-31 00:00:00"
"1043","43","1","875","2014-03-31 00:00:00"
"1044","44","1","71","2014-03-31 00:00:00"
"1045","90","1","714","2014-03-31 00:00:00"
"1046","42","1","200","2014-03-31 00:00:00"
"1047","15","1","100","2014-03-31 00:00:00"
"1048","87","1","100","2014-03-31 00:00:00"
"1049","70","1","200","2014-03-31 00:00:00"
"1050","77","1","1429","2014-03-31 00:00:00"
"1051","78","1","1071","2014-03-31 00:00:00"
"1052","65","1","500","2014-03-31 00:00:00"
"1053","13","1","-1500","2014-04-01 00:00:00"
"1054","42","1","-7","2014-04-01 00:00:00"
"1055","72","2","-200","2014-04-01 00:00:00"
"1056","25","1","500","2014-04-01 00:00:00"
"1057","48","1","77","2014-04-01 00:00:00"
"1058","32","1","107","2014-04-01 00:00:00"
"1059","35","1","214","2014-04-01 00:00:00"
"1060","26","1","171","2014-04-01 00:00:00"
"1061","29","1","429","2014-04-01 00:00:00"
"1062","87","1","100","2014-04-01 00:00:00"
"1063","23","1","464","2014-04-01 00:00:00"
"1064","76","1","571","2014-04-01 00:00:00"
"1065","79","1","571","2014-04-01 00:00:00"
"1066","13","1","3000","2014-04-01 00:00:00"
"1067","9","1","371","2014-04-01 00:00:00"
"1068","10","1","371","2014-04-01 00:00:00"
"1069","8","1","450","2014-04-01 00:00:00"
"1070","8","1","0","2014-04-01 00:00:00"
"1071","72","1","-300","2014-04-02 00:00:00"
"1072","61","2","-309","2014-04-02 00:00:00"
"1073","73","2","-617","2014-04-02 00:00:00"
"1074","17","1","-643","2014-04-03 00:00:00"
"1075","27","1","-250","2014-04-03 00:00:00"
"1076","39","1","-322","2014-04-03 00:00:00"
"1077","61","1","-317","2014-04-03 00:00:00"
"1078","73","1","-634","2014-04-03 00:00:00"
"1079","13","2","-1500","2014-04-03 00:00:00"
"1080","25","2","-500","2014-04-03 00:00:00"
"1081","36","2","-94","2014-04-03 00:00:00"
"1082","70","2","-150","2014-04-03 00:00:00"
"1083","72","2","-400","2014-04-03 00:00:00"
"1084","80","2","-357","2014-04-03 00:00:00"
"1085","87","2","-100","2014-04-03 00:00:00"
"1086","25","1","1000","2014-04-03 00:00:00"
"1087","36","1","187","2014-04-03 00:00:00"
"1088","27","1","500","2014-04-03 00:00:00"
"1089","39","1","643","2014-04-03 00:00:00"
"1090","17","1","1286","2014-04-03 00:00:00"
"1091","87","1","200","2014-04-03 00:00:00"
"1092","80","1","714","2014-04-03 00:00:00"
"1093","70","1","300","2014-04-03 00:00:00"
"1094","13","1","-2250","2014-04-04 00:00:00"
"1095","72","1","-500","2014-04-04 00:00:00"
"1096","61","2","-325","2014-04-04 00:00:00"
"1097","73","2","-650","2014-04-04 00:00:00"
"1098","25","2","500","2014-04-04 00:00:00"
"1099","13","2","4500","2014-04-04 00:00:00"
"1100","87","2","100","2014-04-04 00:00:00"
"1101","72","2","1000","2014-04-04 00:00:00"
"1102","28","2","100","2014-04-04 00:00:00"
"1103","81","2","257","2014-04-04 00:00:00"
"1104","51","2","471","2014-04-04 00:00:00"
"1105","89","2","171","2014-04-04 00:00:00"
"1106","24","1","-607","2014-04-05 00:00:00"
"1107","73","1","-667","2014-04-05 00:00:00"
"1108","41","2","-313","2014-04-05 00:00:00"
"1109","61","2","-334","2014-04-05 00:00:00"
"1110","25","2","500","2014-04-05 00:00:00"
"1111","73","2","1333","2014-04-05 00:00:00"
"1112","16","2","350","2014-04-05 00:00:00"
"1113","13","2","1500","2014-04-05 00:00:00"
"1114","61","2","667","2014-04-05 00:00:00"
"1115","72","2","200","2014-04-05 00:00:00"
"1116","70","2","200","2014-04-05 00:00:00"
"1117","87","2","100","2014-04-05 00:00:00"
"1118","11","1","-250","2014-04-06 00:00:00"
"1119","30","1","-52","2014-04-06 00:00:00"
"1120","33","1","-200","2014-04-06 00:00:00"
"1121","88","1","-250","2014-04-06 00:00:00"
"1122","41","2","-375","2014-04-06 00:00:00"
"1123","25","1","500","2014-04-06 00:00:00"
"1124","33","1","400","2014-04-06 00:00:00"
"1125","55","1","1500","2014-04-06 00:00:00"
"1126","64","1","500","2014-04-06 00:00:00"
"1127","41","1","750","2014-04-06 00:00:00"
"1128","87","1","100","2014-04-06 00:00:00"
"1129","14","1","500","2014-04-06 00:00:00"
"1130","72","1","200","2014-04-06 00:00:00"
"1131","72","1","-100","2014-04-07 00:00:00"
"1132","11","2","-286","2014-04-07 00:00:00"
"1133","52","2","-572","2014-04-07 00:00:00"
"1134","88","2","-286","2014-04-07 00:00:00"
"1135","25","1","-500","2014-04-08 00:00:00"
"1136","29","1","-250","2014-04-08 00:00:00"
"1137","40","1","-286","2014-04-08 00:00:00"
"1138","44","1","-286","2014-04-08 00:00:00"
"1139","52","1","-643","2014-04-08 00:00:00"
"1140","11","2","-322","2014-04-08 00:00:00"
"1141","13","2","-2250","2014-04-08 00:00:00"
"1142","15","2","-57","2014-04-08 00:00:00"
"1143","26","2","-100","2014-04-08 00:00:00"
"1144","70","2","-150","2014-04-08 00:00:00"
"1145","72","2","-200","2014-04-08 00:00:00"
"1146","88","2","-322","2014-04-08 00:00:00"
"1147","11","1","-357","2014-04-09 00:00:00"
"1148","13","1","-3000","2014-04-09 00:00:00"
"1149","25","1","-750","2014-04-09 00:00:00"
"1150","26","1","-115","2014-04-09 00:00:00"
"1151","70","1","-200","2014-04-09 00:00:00"
"1152","72","1","-300","2014-04-09 00:00:00"
"1153","87","1","-150","2014-04-09 00:00:00"
"1154","29","2","-286","2014-04-09 00:00:00"
"1155","40","2","-322","2014-04-09 00:00:00"
"1156","44","2","-322","2014-04-09 00:00:00"
"1157","52","2","-715","2014-04-09 00:00:00"
"1158","88","2","-357","2014-04-09 00:00:00"
"1159","40","1","643","2014-04-09 00:00:00"
"1160","44","1","643","2014-04-09 00:00:00"
"1161","11","1","714","2014-04-09 00:00:00"
"1162","52","1","1429","2014-04-09 00:00:00"
"1163","87","1","300","2014-04-09 00:00:00"
"1164","25","1","1500","2014-04-09 00:00:00"
"1165","70","1","400","2014-04-09 00:00:00"
"1166","72","1","600","2014-04-09 00:00:00"
"1167","26","2","229","2014-04-09 00:00:00"
"1168","29","2","571","2014-04-09 00:00:00"
"1169","13","2","6000","2014-04-09 00:00:00"
"1170","88","2","714","2014-04-09 00:00:00"
"1171","25","1","500","2014-04-10 00:00:00"
"1172","27","1","500","2014-04-10 00:00:00"
"1173","25","1","0","2014-04-10 00:00:00"
"1174","41","1","500","2014-04-10 00:00:00"
"1175","67","1","714","2014-04-10 00:00:00"
"1176","87","1","100","2014-04-10 00:00:00"
"1177","72","1","200","2014-04-10 00:00:00"
"1178","15","1","-79","2014-04-11 00:00:00"
"1179","24","1","-822","2014-04-11 00:00:00"
"1180","28","1","-88","2014-04-11 00:00:00"
"1181","89","1","-100","2014-04-11 00:00:00"
"1182","13","2","-1500","2014-04-11 00:00:00"
"1183","75","2","-225","2014-04-11 00:00:00"
"1184","90","2","-393","2014-04-11 00:00:00"
"1185","38","1","1375","2014-04-11 00:00:00"
"1186","87","1","100","2014-04-11 00:00:00"
"1187","25","1","500","2014-04-11 00:00:00"
"1188","54","1","120","2014-04-11 00:00:00"
"1189","30","1","120","2014-04-11 00:00:00"
"1190","37","1","1375","2014-04-11 00:00:00"
"1191","90","1","786","2014-04-11 00:00:00"
"1192","13","1","3000","2014-04-11 00:00:00"
"1193","43","1","1375","2014-04-11 00:00:00"
"1194","28","2","175","2014-04-11 00:00:00"
"1195","15","2","157","2014-04-11 00:00:00"
"1196","81","2","300","2014-04-11 00:00:00"
"1197","70","2","200","2014-04-11 00:00:00"
"1198","89","2","200","2014-04-11 00:00:00"
"1199","70","2","0","2014-04-11 00:00:00"
"1200","54","1","-2","2014-04-12 00:00:00"
"1201","72","1","-200","2014-04-12 00:00:00"
"1202","76","1","-393","2014-04-12 00:00:00"
"1203","24","2","-857","2014-04-12 00:00:00"
"1204","8","1","-300","2014-04-13 00:00:00"
"1205","16","1","-200","2014-04-13 00:00:00"
"1206","18","1","-375","2014-04-13 00:00:00"
"1207","25","1","-500","2014-04-13 00:00:00"
"1208","66","1","-242","2014-04-13 00:00:00"
"1209","69","1","-357","2014-04-13 00:00:00"
"1210","75","1","-242","2014-04-13 00:00:00"
"1211","87","1","-100","2014-04-13 00:00:00"
"1212","13","2","-1500","2014-04-13 00:00:00"
"1213","24","2","-893","2014-04-13 00:00:00"
"1214","72","2","-300","2014-04-13 00:00:00"
"1215","76","2","-429","2014-04-13 00:00:00"
"1216","87","2","200","2014-04-13 00:00:00"
"1217","13","2","3000","2014-04-13 00:00:00"
"1218","72","2","600","2014-04-13 00:00:00"
"1219","20","2","143","2014-04-13 00:00:00"
"1220","24","2","1786","2014-04-13 00:00:00"
"1221","8","2","600","2014-04-13 00:00:00"
"1222","70","2","200","2014-04-13 00:00:00"
"1223","76","2","857","2014-04-13 00:00:00"
"1224","14","2","500","2014-04-13 00:00:00"
"1225","64","2","500","2014-04-13 00:00:00"
"1226","33","2","400","2014-04-13 00:00:00"
"1227","25","2","1000","2014-04-13 00:00:00"
"1228","18","2","750","2014-04-13 00:00:00"
"1229","18","2","0","2014-04-13 00:00:00"
"1230","72","2","-100","2014-04-14 00:00:00"
"1231","25","1","500","2014-04-14 00:00:00"
"1232","78","1","1000","2014-04-14 00:00:00"
"1233","80","1","786","2014-04-14 00:00:00"
"1234","41","1","500","2014-04-14 00:00:00"
"1235","55","1","-965","2014-04-15 00:00:00"
"1236","72","1","-200","2014-04-15 00:00:00"
"1237","75","1","-259","2014-04-15 00:00:00"
"1238","63","2","-250","2014-04-15 00:00:00"
"1239","66","2","-259","2014-04-15 00:00:00"
"1240","69","2","-393","2014-04-15 00:00:00"
"1241","25","1","-500","2014-04-16 00:00:00"
"1242","55","1","-1072","2014-04-16 00:00:00"
"1243","63","1","-259","2014-04-16 00:00:00"
"1244","75","1","-267","2014-04-16 00:00:00"
"1245","13","2","-2250","2014-04-16 00:00:00"
"1246","26","2","-100","2014-04-16 00:00:00"
"1247","66","2","-267","2014-04-16 00:00:00"
"1248","69","2","-411","2014-04-16 00:00:00"
"1249","70","2","-150","2014-04-16 00:00:00"
"1250","72","2","-300","2014-04-16 00:00:00"
"1251","87","2","-150","2014-04-16 00:00:00"
"1252","25","1","1000","2014-04-16 00:00:00"
"1253","66","1","533","2014-04-16 00:00:00"
"1254","33","1","171","2014-04-16 00:00:00"
"1255","35","1","214","2014-04-16 00:00:00"
"1256","32","1","107","2014-04-16 00:00:00"
"1257","75","1","533","2014-04-16 00:00:00"
"1258","9","1","429","2014-04-16 00:00:00"
"1259","81","1","214","2014-04-16 00:00:00"
"1260","70","1","300","2014-04-16 00:00:00"
"1261","26","1","200","2014-04-16 00:00:00"
"1262","29","1","500","2014-04-16 00:00:00"
"1263","27","1","429","2014-04-16 00:00:00"
"1264","28","1","125","2014-04-16 00:00:00"
"1265","63","1","517","2014-04-16 00:00:00"
"1266","55","1","2143","2014-04-16 00:00:00"
"1267","31","1","133","2014-04-16 00:00:00"
"1268","38","1","625","2014-04-16 00:00:00"
"1269","37","1","625","2014-04-16 00:00:00"
"1270","69","1","821","2014-04-16 00:00:00"
"1271","43","1","625","2014-04-16 00:00:00"
"1272","45","1","457","2014-04-16 00:00:00"
"1273","87","1","300","2014-04-16 00:00:00"
"1274","23","1","536","2014-04-16 00:00:00"
"1275","13","1","4500","2014-04-16 00:00:00"
"1276","72","1","600","2014-04-16 00:00:00"
"1277","86","1","786","2014-04-17 00:00:00"
"1278","86","1","0","2014-04-17 00:00:00"
"1279","13","1","-1500","2014-04-18 00:00:00"
"1280","16","1","-325","2014-04-18 00:00:00"
"1281","25","1","-500","2014-04-18 00:00:00"
"1282","59","1","-150","2014-04-18 00:00:00"
"1283","72","1","-200","2014-04-18 00:00:00"
"1284","11","2","-322","2014-04-18 00:00:00"
"1285","40","2","-322","2014-04-18 00:00:00"
"1286","44","2","-322","2014-04-18 00:00:00"
"1287","52","2","-643","2014-04-18 00:00:00"
"1288","88","2","-322","2014-04-18 00:00:00"
"1289","25","2","1000","2014-04-18 00:00:00"
"1290","16","2","650","2014-04-18 00:00:00"
"1291","87","2","200","2014-04-18 00:00:00"
"1292","13","2","3000","2014-04-18 00:00:00"
"1293","88","2","643","2014-04-18 00:00:00"
"1294","11","2","643","2014-04-18 00:00:00"
"1295","51","2","600","2014-04-18 00:00:00"
"1296","72","2","400","2014-04-18 00:00:00"
"1297","70","2","200","2014-04-18 00:00:00"
"1298","89","2","200","2014-04-18 00:00:00"
"1299","52","2","1286","2014-04-18 00:00:00"
"1300","59","2","300","2014-04-18 00:00:00"
"1301","60","2","540","2014-04-18 00:00:00"
"1302","47","2","1467","2014-04-18 00:00:00"
"1303","65","2","1286","2014-04-18 00:00:00"
"1304","64","2","357","2014-04-18 00:00:00"
"1305","58","2","1200","2014-04-18 00:00:00"
"1306","58","2","0","2014-04-18 00:00:00"
"1307","56","2","1286","2014-04-18 00:00:00"
"1308","57","2","850","2014-04-18 00:00:00"
"1309","21","2","717","2014-04-18 00:00:00"
"1310","79","2","607","2014-04-18 00:00:00"
"1311","44","2","643","2014-04-18 00:00:00"
"1312","40","2","643","2014-04-18 00:00:00"
"1313","53","2","500","2014-04-18 00:00:00"
"1314","15","2","100","2014-04-18 00:00:00"
"1315","90","2","500","2014-04-18 00:00:00"
"1316","17","2","1071","2014-04-18 00:00:00"
"1317","74","2","1286","2014-04-18 00:00:00"
"1318","46","2","1071","2014-04-18 00:00:00"
"1319","50","2","1179","2014-04-18 00:00:00"
"1320","8","2","250","2014-04-18 00:00:00"
"1321","12","2","414","2014-04-18 00:00:00"
"1322","32","2","14","2014-04-18 00:00:00"
"1323","26","2","57","2014-04-18 00:00:00"
"1324","38","2","250","2014-04-18 00:00:00"
"1325","15","2","0","2014-04-18 00:00:00"
"1326","87","2","100","2014-04-19 00:00:00"
"1327","14","2","429","2014-04-19 00:00:00"
"1328","77","2","1357","2014-04-19 00:00:00"
"1329","22","2","1321","2014-04-19 00:00:00"
"1330","10","2","514","2014-04-19 00:00:00"
"1331","25","2","500","2014-04-19 00:00:00"
"1332","41","2","625","2014-04-19 00:00:00"
"1333","42","2","271","2014-04-19 00:00:00"
"1334","67","2","643","2014-04-19 00:00:00"
"1335","13","2","1500","2014-04-19 00:00:00"
"1336","72","2","200","2014-04-19 00:00:00"
"1337","82","1","-715","2014-04-20 00:00:00"
"1338","25","1","500","2014-04-20 00:00:00"
"1339","28","1","100","2014-04-20 00:00:00"
"1340","87","1","100","2014-04-20 00:00:00"
"1341","70","1","200","2014-04-20 00:00:00"
"1342","13","1","1500","2014-04-20 00:00:00"
"1343","82","1","1429","2014-04-20 00:00:00"
"1344","72","1","-200","2014-04-21 00:00:00"
"1345","19","2","-667","2014-04-21 00:00:00"
"1346","39","2","-322","2014-04-21 00:00:00"
"1347","49","2","-650","2014-04-21 00:00:00"
"1348","76","2","-286","2014-04-21 00:00:00"
"1349","49","2","1300","2014-04-21 00:00:00"
"1350","87","2","100","2014-04-21 00:00:00"
"1351","76","2","571","2014-04-21 00:00:00"
"1352","80","2","500","2014-04-21 00:00:00"
"1353","62","2","333","2014-04-21 00:00:00"
"1354","25","2","500","2014-04-21 00:00:00"
"1355","19","2","1333","2014-04-21 00:00:00"
"1356","13","2","1500","2014-04-21 00:00:00"
"1357","72","2","400","2014-04-21 00:00:00"
"1358","39","2","-340","2014-04-22 00:00:00"
"1359","29","1","429","2014-04-22 00:00:00"
"1360","27","1","429","2014-04-22 00:00:00"
"1361","55","1","1286","2014-04-22 00:00:00"
"1362","33","1","343","2014-04-22 00:00:00"
"1363","87","1","100","2014-04-22 00:00:00"
"1364","25","1","500","2014-04-22 00:00:00"
"1365","13","1","1500","2014-04-22 00:00:00"
"1366","72","1","200","2014-04-22 00:00:00"
"1367","39","2","679","2014-04-22 00:00:00"
"1368","70","1","200","2014-04-22 00:00:00"
"1369","81","2","257","2014-04-22 00:00:00"
"1370","38","1","625","2014-04-23 00:00:00"
"1371","25","1","500","2014-04-23 00:00:00"
"1372","68","1","850","2014-04-23 00:00:00"
"1373","41","1","500","2014-04-23 00:00:00"
"1374","37","1","875","2014-04-23 00:00:00"
"1375","45","1","200","2014-04-23 00:00:00"
"1376","43","1","875","2014-04-23 00:00:00"
"1377","16","1","250","2014-04-23 00:00:00"
"1378","87","1","100","2014-04-23 00:00:00"
"1379","8","1","250","2014-04-23 00:00:00"
"1380","9","1","200","2014-04-23 00:00:00"
"1381","13","2","-1500","2014-04-24 00:00:00"
"1382","72","2","-200","2014-04-24 00:00:00"
"1383","13","1","-2250","2014-04-25 00:00:00"
"1384","25","1","-500","2014-04-25 00:00:00"
"1385","26","1","-100","2014-04-25 00:00:00"
"1386","28","1","-63","2014-04-25 00:00:00"
"1387","40","1","-250","2014-04-25 00:00:00"
"1388","70","1","-150","2014-04-25 00:00:00"
"1389","72","1","-300","2014-04-25 00:00:00"
"1390","11","2","-250","2014-04-25 00:00:00"
"1391","15","2","-50","2014-04-25 00:00:00"
"1392","52","2","-500","2014-04-25 00:00:00"
"1393","64","2","-250","2014-04-25 00:00:00"
"1394","87","2","-100","2014-04-25 00:00:00"
"1395","88","2","-250","2014-04-25 00:00:00"
"1396","89","2","-100","2014-04-25 00:00:00"
"1397","11","1","-286","2014-04-26 00:00:00"
"1398","44","1","-286","2014-04-26 00:00:00"
"1399","52","1","-572","2014-04-26 00:00:00"
"1400","64","1","-286","2014-04-26 00:00:00"
"1401","88","1","-286","2014-04-26 00:00:00"
"1402","13","2","-3000","2014-04-26 00:00:00"
"1403","25","2","-750","2014-04-26 00:00:00"
"1404","26","2","-115","2014-04-26 00:00:00"
"1405","40","2","-286","2014-04-26 00:00:00"
"1406","70","2","-200","2014-04-26 00:00:00"
"1407","72","2","-400","2014-04-26 00:00:00"
"1408","87","2","-150","2014-04-26 00:00:00"
"1409","25","2","1500","2014-04-26 00:00:00"
"1410","34","2","87","2014-04-26 00:00:00"
"1411","26","2","229","2014-04-26 00:00:00"
"1412","28","2","150","2014-04-26 00:00:00"
"1413","40","2","571","2014-04-26 00:00:00"
"1414","44","2","571","2014-04-26 00:00:00"
"1415","15","2","114","2014-04-26 00:00:00"
"1416","87","2","300","2014-04-26 00:00:00"
"1417","13","2","6000","2014-04-26 00:00:00"
"1418","88","2","571","2014-04-26 00:00:00"
"1419","11","2","571","2014-04-26 00:00:00"
"1420","72","2","800","2014-04-26 00:00:00"
"1421","70","2","400","2014-04-26 00:00:00"
"1422","89","2","229","2014-04-26 00:00:00"
"1423","52","2","1143","2014-04-26 00:00:00"
"1424","25","2","500","2014-04-27 00:00:00"
"1425","67","2","571","2014-04-27 00:00:00"
"1426","41","2","500","2014-04-27 00:00:00"
"1427","90","2","643","2014-04-27 00:00:00"
"1428","87","2","100","2014-04-27 00:00:00"
"1429","78","2","929","2014-04-27 00:00:00"
"1430","20","2","100","2014-04-27 00:00:00"
"1431","51","2","386","2014-04-27 00:00:00"
"1432","20","2","0","2014-04-27 00:00:00"
"1433","13","1","-1500","2014-04-28 00:00:00"
"1434","14","1","-322","2014-04-28 00:00:00"
"1435","64","1","-357","2014-04-28 00:00:00"
"1436","72","1","-200","2014-04-28 00:00:00"
"1437","72","2","400","2014-04-28 00:00:00"
"1438","70","2","200","2014-04-28 00:00:00"
"1439","14","2","643","2014-04-28 00:00:00"
"1440","87","2","100","2014-04-28 00:00:00"
"1441","18","1","-286","2014-04-29 00:00:00"
"1442","23","1","-232","2014-04-29 00:00:00"
"1443","27","1","-250","2014-04-29 00:00:00"
"1444","29","1","-250","2014-04-29 00:00:00"
"1445","33","1","-200","2014-04-29 00:00:00"
"1446","81","1","-150","2014-04-29 00:00:00"
"1447","13","2","-2250","2014-04-29 00:00:00"
"1448","25","2","-500","2014-04-29 00:00:00"
"1449","64","2","-393","2014-04-29 00:00:00"
"1450","25","1","1000","2014-04-29 00:00:00"
"1451","82","1","643","2014-04-29 00:00:00"
"1452","35","1","186","2014-04-29 00:00:00"
"1453","33","1","400","2014-04-29 00:00:00"
"1454","29","1","500","2014-04-29 00:00:00"
"1455","27","1","500","2014-04-29 00:00:00"
"1456","65","1","786","2014-04-29 00:00:00"
"1457","55","1","1500","2014-04-29 00:00:00"
"1458","64","1","786","2014-04-29 00:00:00"
"1459","38","1","750","2014-04-29 00:00:00"
"1460","37","1","750","2014-04-29 00:00:00"
"1461","45","1","171","2014-04-29 00:00:00"
"1462","43","1","750","2014-04-29 00:00:00"
"1463","17","1","786","2014-04-29 00:00:00"
"1464","16","1","300","2014-04-29 00:00:00"
"1465","87","1","100","2014-04-29 00:00:00"
"1466","18","1","571","2014-04-29 00:00:00"
"1467","23","1","464","2014-04-29 00:00:00"
"1468","76","1","571","2014-04-29 00:00:00"
"1469","13","1","4500","2014-04-29 00:00:00"
"1470","24","1","1143","2014-04-29 00:00:00"
"1471","81","1","300","2014-04-29 00:00:00"
"1472","9","1","171","2014-04-29 00:00:00"
"1473","80","1","571","2014-04-29 00:00:00"
"1474","10","1","286","2014-04-29 00:00:00"
"1475","8","1","300","2014-04-29 00:00:00"
"1476","72","1","200","2014-04-29 00:00:00"
"1477","12","1","-93","2014-05-01 00:00:00"
"1478","32","1","-47","2014-05-01 00:00:00"
"1479","36","1","-94","2014-05-01 00:00:00"
"1480","61","1","-217","2014-05-01 00:00:00"
"1481","73","1","-434","2014-05-01 00:00:00"
"1482","74","1","-232","2014-05-01 00:00:00"
"1483","79","1","-232","2014-05-01 00:00:00"
"1484","13","2","-1500","2014-05-01 00:00:00"
"1485","25","2","-500","2014-05-01 00:00:00"
"1486","28","2","-63","2014-05-01 00:00:00"
"1487","48","2","-50","2014-05-01 00:00:00"
"1488","70","2","-150","2014-05-01 00:00:00"
"1489","72","2","-200","2014-05-01 00:00:00"
"1490","86","2","-250","2014-05-01 00:00:00"
"1491","87","2","-100","2014-05-01 00:00:00"
"1492","25","1","1000","2014-05-01 00:00:00"
"1493","48","1","100","2014-05-01 00:00:00"
"1494","87","1","200","2014-05-01 00:00:00"
"1495","13","1","3000","2014-05-01 00:00:00"
"1496","28","1","-75","2014-05-02 00:00:00"
"1497","41","1","-313","2014-05-02 00:00:00"
"1498","70","1","-200","2014-05-02 00:00:00"
"1499","72","1","-300","2014-05-02 00:00:00"
"1500","32","2","-50","2014-05-02 00:00:00"
"1501","36","2","-97","2014-05-02 00:00:00"
"1502","42","2","-93","2014-05-02 00:00:00"
"1503","61","2","-225","2014-05-02 00:00:00"
"1504","73","2","-450","2014-05-02 00:00:00"
"1505","79","2","-250","2014-05-02 00:00:00"
"1506","86","2","-268","2014-05-02 00:00:00"
"1507","25","1","500","2014-05-02 00:00:00"
"1508","28","1","150","2014-05-02 00:00:00"
"1509","87","1","100","2014-05-02 00:00:00"
"1510","86","1","536","2014-05-02 00:00:00"
"1511","70","1","400","2014-05-02 00:00:00"
"1512","26","1","171","2014-05-02 00:00:00"
"1513","32","1","100","2014-05-02 00:00:00"
"1514","36","1","193","2014-05-02 00:00:00"
"1515","41","1","625","2014-05-02 00:00:00"
"1516","26","1","0","2014-05-02 00:00:00"
"1517","36","1","0","2014-05-02 00:00:00"
"1518","11","1","-250","2014-05-03 00:00:00"
"1519","40","1","-250","2014-05-03 00:00:00"
"1520","44","1","-250","2014-05-03 00:00:00"
"1521","52","1","-500","2014-05-03 00:00:00"
"1522","13","2","-1500","2014-05-03 00:00:00"
"1523","72","2","-400","2014-05-03 00:00:00"
"1524","89","2","-100","2014-05-03 00:00:00"
"1525","11","1","-286","2014-05-04 00:00:00"
"1526","13","1","-2250","2014-05-04 00:00:00"
"1527","40","1","-286","2014-05-04 00:00:00"
"1528","72","1","-500","2014-05-04 00:00:00"
"1529","88","1","-286","2014-05-04 00:00:00"
"1530","25","2","-500","2014-05-04 00:00:00"
"1531","42","2","-107","2014-05-04 00:00:00"
"1532","44","2","-286","2014-05-04 00:00:00"
"1533","52","2","-572","2014-05-04 00:00:00"
"1534","79","2","-286","2014-05-04 00:00:00"
"1535","87","2","-100","2014-05-04 00:00:00"
"1536","89","2","-115","2014-05-04 00:00:00"
"1537","11","1","-322","2014-05-05 00:00:00"
"1538","14","1","-250","2014-05-05 00:00:00"
"1539","40","1","-322","2014-05-05 00:00:00"
"1540","44","1","-322","2014-05-05 00:00:00"
"1541","52","1","-643","2014-05-05 00:00:00"
"1542","13","2","-3000","2014-05-05 00:00:00"
"1543","25","2","-750","2014-05-05 00:00:00"
"1544","70","2","-150","2014-05-05 00:00:00"
"1545","72","2","-600","2014-05-05 00:00:00"
"1546","87","2","-150","2014-05-05 00:00:00"
"1547","88","2","-322","2014-05-05 00:00:00"
"1548","89","2","-129","2014-05-05 00:00:00"
"1549","13","1","-3750","2014-05-06 00:00:00"
"1550","25","1","-1000","2014-05-06 00:00:00"
"1551","40","1","-357","2014-05-06 00:00:00"
"1552","70","1","-200","2014-05-06 00:00:00"
"1553","72","1","-700","2014-05-06 00:00:00"
"1554","87","1","-200","2014-05-06 00:00:00"
"1555","89","1","-143","2014-05-06 00:00:00"
"1556","11","2","-357","2014-05-06 00:00:00"
"1557","14","2","-286","2014-05-06 00:00:00"
"1558","44","2","-357","2014-05-06 00:00:00"
"1559","52","2","-715","2014-05-06 00:00:00"
"1560","88","2","-357","2014-05-06 00:00:00"
"1561","13","1","-4500","2014-05-07 00:00:00"
"1562","25","1","-1250","2014-05-07 00:00:00"
"1563","40","1","-393","2014-05-07 00:00:00"
"1564","70","1","-250","2014-05-07 00:00:00"
"1565","72","1","-800","2014-05-07 00:00:00"
"1566","87","1","-250","2014-05-07 00:00:00"
"1567","89","1","-157","2014-05-07 00:00:00"
"1568","11","2","-393","2014-05-07 00:00:00"
"1569","14","2","-322","2014-05-07 00:00:00"
"1570","44","2","-393","2014-05-07 00:00:00"
"1571","52","2","-786","2014-05-07 00:00:00"
"1572","88","2","-393","2014-05-07 00:00:00"
"1573","25","2","2500","2014-05-07 00:00:00"
"1574","82","2","571","2014-05-07 00:00:00"
"1575","29","2","571","2014-05-07 00:00:00"
"1576","27","2","571","2014-05-07 00:00:00"
"1577","28","2","125","2014-05-07 00:00:00"
"1578","65","2","571","2014-05-07 00:00:00"
"1579","55","2","1714","2014-05-07 00:00:00"
"1580","64","2","571","2014-05-07 00:00:00"
"1581","41","2","625","2014-05-07 00:00:00"
"1582","67","2","714","2014-05-07 00:00:00"
"1583","38","2","1000","2014-05-07 00:00:00"
"1584","37","2","1000","2014-05-07 00:00:00"
"1585","45","2","229","2014-05-07 00:00:00"
"1586","56","2","679","2014-05-07 00:00:00"
"1587","43","2","1000","2014-05-07 00:00:00"
"1588","46","2","679","2014-05-07 00:00:00"
"1589","74","2","679","2014-05-07 00:00:00"
"1590","50","2","679","2014-05-07 00:00:00"
"1591","17","2","571","2014-05-07 00:00:00"
"1592","16","2","400","2014-05-07 00:00:00"
"1593","42","2","257","2014-05-07 00:00:00"
"1594","90","2","714","2014-05-07 00:00:00"
"1595","87","2","500","2014-05-07 00:00:00"
"1596","76","2","571","2014-05-07 00:00:00"
"1597","79","2","679","2014-05-07 00:00:00"
"1598","13","2","9000","2014-05-07 00:00:00"
"1599","77","2","1286","2014-05-07 00:00:00"
"1600","22","2","643","2014-05-07 00:00:00"
"1601","88","2","786","2014-05-07 00:00:00"
"1602","9","2","229","2014-05-07 00:00:00"
"1603","81","2","343","2014-05-07 00:00:00"
"1604","80","2","571","2014-05-07 00:00:00"
"1605","8","2","400","2014-05-07 00:00:00"
"1606","10","2","229","2014-05-07 00:00:00"
"1607","12","2","271","2014-05-07 00:00:00"
"1608","72","2","1600","2014-05-07 00:00:00"
"1609","70","2","500","2014-05-07 00:00:00"
"1610","28","2","125","2014-05-07 00:00:00"
"1611","33","2","457","2014-05-07 00:00:00"
"1612","14","2","643","2014-05-07 00:00:00"
"1613","11","1","-429","2014-05-08 00:00:00"
"1614","89","1","-172","2014-05-08 00:00:00"
"1615","40","2","-429","2014-05-08 00:00:00"
"1616","44","2","-429","2014-05-08 00:00:00"
"1617","46","2","-18","2014-05-08 00:00:00"
"1618","52","2","-857","2014-05-08 00:00:00"
"1619","13","1","-1500","2014-05-09 00:00:00"
"1620","25","1","-500","2014-05-09 00:00:00"
"1621","39","1","-304","2014-05-09 00:00:00"
"1622","61","1","-284","2014-05-09 00:00:00"
"1623","11","2","-465","2014-05-09 00:00:00"
"1624","15","2","-93","2014-05-09 00:00:00"
"1625","26","2","-100","2014-05-09 00:00:00"
"1626","40","2","-465","2014-05-09 00:00:00"
"1627","44","2","-465","2014-05-09 00:00:00"
"1628","52","2","-929","2014-05-09 00:00:00"
"1629","72","2","-200","2014-05-09 00:00:00"
"1630","89","2","-186","2014-05-09 00:00:00"
"1631","15","1","-100","2014-05-10 00:00:00"
"1632","26","1","-115","2014-05-10 00:00:00"
"1633","30","1","-49","2014-05-10 00:00:00"
"1634","39","1","-322","2014-05-10 00:00:00"
"1635","40","1","-500","2014-05-10 00:00:00"
"1636","52","1","-1000","2014-05-10 00:00:00"
"1637","54","1","-49","2014-05-10 00:00:00"
"1638","70","1","-150","2014-05-10 00:00:00"
"1639","87","1","-150","2014-05-10 00:00:00"
"1640","89","1","-200","2014-05-10 00:00:00"
"1641","11","2","-500","2014-05-10 00:00:00"
"1642","13","2","-2250","2014-05-10 00:00:00"
"1643","25","2","-750","2014-05-10 00:00:00"
"1644","44","2","-500","2014-05-10 00:00:00"
"1645","72","2","-300","2014-05-10 00:00:00"
"1646","54","2","97","2014-05-10 00:00:00"
"1647","26","2","229","2014-05-10 00:00:00"
"1648","30","2","97","2014-05-10 00:00:00"
"1649","87","2","300","2014-05-10 00:00:00"
"1650","15","2","200","2014-05-10 00:00:00"
"1651","20","2","93","2014-05-10 00:00:00"
"1652","11","2","1000","2014-05-10 00:00:00"
"1653","51","2","557","2014-05-10 00:00:00"
"1654","8","2","150","2014-05-10 00:00:00"
"1655","89","2","400","2014-05-10 00:00:00"
"1656","52","2","2000","2014-05-10 00:00:00"
"1657","40","2","1000","2014-05-10 00:00:00"
"1658","44","2","1000","2014-05-10 00:00:00"
"1659","13","1","-3000","2014-05-11 00:00:00"
"1660","25","1","-1000","2014-05-11 00:00:00"
"1661","72","1","-400","2014-05-11 00:00:00"
"1662","39","2","-340","2014-05-11 00:00:00"
"1663","40","2","-36","2014-05-11 00:00:00"
"1664","70","2","-200","2014-05-11 00:00:00"
"1665","13","1","-3750","2014-05-12 00:00:00"
"1666","25","1","-1250","2014-05-12 00:00:00"
"1667","28","1","-63","2014-05-12 00:00:00"
"1668","41","1","-313","2014-05-12 00:00:00"
"1669","70","1","-250","2014-05-12 00:00:00"
"1670","72","1","-500","2014-05-12 00:00:00"
"1671","87","1","-100","2014-05-12 00:00:00"
"1672","23","2","-232","2014-05-12 00:00:00"
"1673","39","2","-357","2014-05-12 00:00:00"
"1674","63","2","-217","2014-05-12 00:00:00"
"1675","66","2","-217","2014-05-12 00:00:00"
"1676","78","2","-536","2014-05-12 00:00:00"
"1677","13","1","-4500","2014-05-13 00:00:00"
"1678","25","1","-1500","2014-05-13 00:00:00"
"1679","28","1","-75","2014-05-13 00:00:00"
"1680","41","1","-375","2014-05-13 00:00:00"
"1681","70","1","-300","2014-05-13 00:00:00"
"1682","72","1","-600","2014-05-13 00:00:00"
"1683","87","1","-150","2014-05-13 00:00:00"
"1684","23","2","-250","2014-05-13 00:00:00"
"1685","39","2","-375","2014-05-13 00:00:00"
"1686","63","2","-225","2014-05-13 00:00:00"
"1687","75","2","-225","2014-05-13 00:00:00"
"1688","78","2","-572","2014-05-13 00:00:00"
"1689","23","1","-268","2014-05-14 00:00:00"
"1690","39","1","-393","2014-05-14 00:00:00"
"1691","66","1","-234","2014-05-14 00:00:00"
"1692","75","1","-234","2014-05-14 00:00:00"
"1693","78","1","-607","2014-05-14 00:00:00"
"1694","13","2","-5250","2014-05-14 00:00:00"
"1695","25","2","-1750","2014-05-14 00:00:00"
"1696","28","2","-88","2014-05-14 00:00:00"
"1697","41","2","-438","2014-05-14 00:00:00"
"1698","70","2","-350","2014-05-14 00:00:00"
"1699","72","2","-700","2014-05-14 00:00:00"
"1700","87","2","-200","2014-05-14 00:00:00"
"1701","25","1","3500","2014-05-14 00:00:00"
"1702","25","1","0","2014-05-14 00:00:00"
"1703","33","1","400","2014-05-14 00:00:00"
"1704","64","1","500","2014-05-14 00:00:00"
"1705","41","1","875","2014-05-14 00:00:00"
"1706","32","1","86","2014-05-14 00:00:00"
"1707","34","1","60","2014-05-14 00:00:00"
"1708","34","1","0","2014-05-14 00:00:00"
"1709","28","1","175","2014-05-14 00:00:00"
"1710","87","1","400","2014-05-14 00:00:00"
"1711","70","1","700","2014-05-14 00:00:00"
"1712","23","1","536","2014-05-14 00:00:00"
"1713","13","1","10500","2014-05-14 00:00:00"
"1714","72","1","1400","2014-05-14 00:00:00"
"1715","39","1","-411","2014-05-15 00:00:00"
"1716","78","1","-643","2014-05-15 00:00:00"
"1717","29","1","571","2014-05-15 00:00:00"
"1718","27","1","571","2014-05-15 00:00:00"
"1719","35","1","229","2014-05-15 00:00:00"
"1720","55","1","1714","2014-05-15 00:00:00"
"1721","78","1","1286","2014-05-15 00:00:00"
"1722","14","1","571","2014-05-15 00:00:00"
"1723","81","1","343","2014-05-15 00:00:00"
"1724","9","1","229","2014-05-15 00:00:00"
"1725","13","1","1500","2014-05-15 00:00:00"
"1726","25","1","500","2014-05-15 00:00:00"
"1727","88","1","571","2014-05-15 00:00:00"
"1728","72","1","200","2014-05-15 00:00:00"
"1729","39","2","-429","2014-05-16 00:00:00"
"1730","25","1","-500","2014-05-17 00:00:00"
"1731","26","1","-100","2014-05-17 00:00:00"
"1732","39","1","-447","2014-05-17 00:00:00"
"1733","63","1","-259","2014-05-17 00:00:00"
"1734","66","1","-259","2014-05-17 00:00:00"
"1735","70","1","-150","2014-05-17 00:00:00"
"1736","72","1","-200","2014-05-17 00:00:00"
"1737","75","1","-259","2014-05-17 00:00:00"
"1738","87","1","-150","2014-05-17 00:00:00"
"1739","13","2","-1500","2014-05-17 00:00:00"
"1740","53","2","-242","2014-05-17 00:00:00"
"1741","59","2","-145","2014-05-17 00:00:00"
"1742","61","2","-350","2014-05-17 00:00:00"
"1743","89","2","-100","2014-05-17 00:00:00"
"1744","13","1","-2250","2014-05-18 00:00:00"
"1745","25","1","-750","2014-05-18 00:00:00"
"1746","39","1","-465","2014-05-18 00:00:00"
"1747","70","1","-200","2014-05-18 00:00:00"
"1748","72","1","-300","2014-05-18 00:00:00"
"1749","87","1","-200","2014-05-18 00:00:00"
"1750","89","1","-115","2014-05-18 00:00:00"
"1751","40","2","-286","2014-05-18 00:00:00"
"1752","52","2","-572","2014-05-18 00:00:00"
"1753","63","2","-267","2014-05-18 00:00:00"
"1754","66","2","-267","2014-05-18 00:00:00"
"1755","75","2","-267","2014-05-18 00:00:00"
"1756","13","1","-3000","2014-05-19 00:00:00"
"1757","25","1","-1000","2014-05-19 00:00:00"
"1758","26","1","-129","2014-05-19 00:00:00"
"1759","39","1","-482","2014-05-19 00:00:00"
"1760","70","1","-250","2014-05-19 00:00:00"
"1761","72","1","-400","2014-05-19 00:00:00"
"1762","87","1","-250","2014-05-19 00:00:00"
"1763","11","2","-322","2014-05-19 00:00:00"
"1764","40","2","-322","2014-05-19 00:00:00"
"1765","44","2","-322","2014-05-19 00:00:00"
"1766","52","2","-643","2014-05-19 00:00:00"
"1767","59","2","-155","2014-05-19 00:00:00"
"1768","89","2","-129","2014-05-19 00:00:00"
"1769","25","2","2000","2014-05-19 00:00:00"
"1770","25","2","0","2014-05-19 00:00:00"
"1771","26","2","257","2014-05-19 00:00:00"
"1772","69","2","550","2014-05-19 00:00:00"
"1773","69","2","0","2014-05-19 00:00:00"
"1774","87","2","500","2014-05-19 00:00:00"
"1775","34","2","17","2014-05-19 00:00:00"
"1776","28","2","125","2014-05-19 00:00:00"
"1777","45","2","343","2014-05-19 00:00:00"
"1778","90","2","857","2014-05-19 00:00:00"
"1779","47","2","1033","2014-05-19 00:00:00"
"1780","65","2","857","2014-05-19 00:00:00"
"1781","59","2","310","2014-05-19 00:00:00"
"1782","60","2","310","2014-05-19 00:00:00"
"1783","43","2","1500","2014-05-19 00:00:00"
"1784","46","2","429","2014-05-19 00:00:00"
"1785","64","2","357","2014-05-19 00:00:00"
"1786","41","2","625","2014-05-19 00:00:00"
"1787","67","2","857","2014-05-19 00:00:00"
"1788","37","2","1500","2014-05-19 00:00:00"
"1789","16","2","600","2014-05-19 00:00:00"
"1790","80","2","857","2014-05-19 00:00:00"
"1791","8","2","450","2014-05-19 00:00:00"
"1792","39","2","964","2014-05-19 00:00:00"
"1793","40","2","643","2014-05-19 00:00:00"
"1794","44","2","643","2014-05-19 00:00:00"
"1795","15","2","129","2014-05-19 00:00:00"
"1796","11","2","643","2014-05-19 00:00:00"
"1797","89","2","257","2014-05-19 00:00:00"
"1798","52","2","1286","2014-05-19 00:00:00"
"1799","70","2","500","2014-05-19 00:00:00"
"1800","38","2","1500","2014-05-19 00:00:00"
"1801","18","2","714","2014-05-19 00:00:00"
"1802","72","2","800","2014-05-19 00:00:00"
"1803","8","2","-25","2014-05-20 00:00:00"
"1804","13","2","-3750","2014-05-20 00:00:00"
"1805","13","2","7500","2014-05-20 00:00:00"
"1806","72","2","200","2014-05-20 00:00:00"
"1807","76","2","929","2014-05-20 00:00:00"
"1808","76","2","0","2014-05-20 00:00:00"
"1809","24","1","-786","2014-05-21 00:00:00"
"1810","25","1","-500","2014-05-21 00:00:00"
"1811","53","1","-275","2014-05-21 00:00:00"
"1812","61","1","-384","2014-05-21 00:00:00"
"1813","66","1","-292","2014-05-21 00:00:00"
"1814","63","2","-292","2014-05-21 00:00:00"
"1815","75","2","-292","2014-05-21 00:00:00"
"1816","25","1","-750","2014-05-22 00:00:00"
"1817","33","1","-229","2014-05-22 00:00:00"
"1818","53","1","-284","2014-05-22 00:00:00"
"1819","63","1","-300","2014-05-22 00:00:00"
"1820","66","1","-300","2014-05-22 00:00:00"
"1821","75","1","-300","2014-05-22 00:00:00"
"1822","87","1","-150","2014-05-22 00:00:00"
"1823","24","2","-822","2014-05-22 00:00:00"
"1824","61","2","-392","2014-05-22 00:00:00"
"1825","70","2","-150","2014-05-22 00:00:00"
"1826","72","2","-200","2014-05-22 00:00:00"
"1827","73","2","-784","2014-05-22 00:00:00"
"1828","81","2","-150","2014-05-22 00:00:00"
"1829","13","1","-2250","2014-05-23 00:00:00"
"1830","25","1","-1000","2014-05-23 00:00:00"
"1831","31","1","-124","2014-05-23 00:00:00"
"1832","63","1","-309","2014-05-23 00:00:00"
"1833","70","1","-200","2014-05-23 00:00:00"
"1834","72","1","-300","2014-05-23 00:00:00"
"1835","87","1","-200","2014-05-23 00:00:00"
"1836","20","2","-47","2014-05-23 00:00:00"
"1837","24","2","-857","2014-05-23 00:00:00"
"1838","33","2","-257","2014-05-23 00:00:00"
"1839","53","2","-292","2014-05-23 00:00:00"
"1840","66","2","-309","2014-05-23 00:00:00"
"1841","75","2","-309","2014-05-23 00:00:00"
"1842","29","1","571","2014-05-23 00:00:00"
"1843","27","1","571","2014-05-23 00:00:00"
"1844","41","1","500","2014-05-23 00:00:00"
"1845","25","2","2000","2014-05-23 00:00:00"
"1846","33","2","514","2014-05-23 00:00:00"
"1847","87","2","400","2014-05-23 00:00:00"
"1848","13","2","4500","2014-05-23 00:00:00"
"1849","81","2","343","2014-05-23 00:00:00"
"1850","72","2","600","2014-05-23 00:00:00"
"1851","70","2","400","2014-05-23 00:00:00"
"1852","66","1","617","2014-05-23 00:00:00"
"1853","63","1","617","2014-05-23 00:00:00"
"1854","75","1","617","2014-05-23 00:00:00"
"1855","53","1","583","2014-05-23 00:00:00"
"1856","28","1","100","2014-05-23 00:00:00"
"1857","31","1","247","2014-05-23 00:00:00"
"1858","45","1","114","2014-05-23 00:00:00"
"1859","42","1","229","2014-05-23 00:00:00"
"1860","14","1","-357","2014-05-25 00:00:00"
"1861","55","1","-1072","2014-05-25 00:00:00"
"1862","61","1","-417","2014-05-25 00:00:00"
"1863","88","1","-357","2014-05-25 00:00:00"
"1864","24","2","-929","2014-05-25 00:00:00"
"1865","25","2","-500","2014-05-25 00:00:00"
"1866","73","2","-834","2014-05-25 00:00:00"
"1867","86","2","-411","2014-05-25 00:00:00"
"1868","13","1","-2250","2014-05-26 00:00:00"
"1869","14","1","-393","2014-05-26 00:00:00"
"1870","25","1","-750","2014-05-26 00:00:00"
"1871","72","1","-300","2014-05-26 00:00:00"
"1872","88","1","-393","2014-05-26 00:00:00"
"1873","24","2","-965","2014-05-26 00:00:00"
"1874","26","2","-100","2014-05-26 00:00:00"
"1875","55","2","-1179","2014-05-26 00:00:00"
"1876","70","2","-150","2014-05-26 00:00:00"
"1877","87","2","-150","2014-05-26 00:00:00"
"1878","24","1","-1000","2014-05-27 00:00:00"
"1879","55","1","-1286","2014-05-27 00:00:00"
"1880","88","1","-429","2014-05-27 00:00:00"
"1881","13","2","-3000","2014-05-27 00:00:00"
"1882","14","2","-429","2014-05-27 00:00:00"
"1883","25","2","-1000","2014-05-27 00:00:00"
"1884","26","2","-115","2014-05-27 00:00:00"
"1885","70","2","-200","2014-05-27 00:00:00"
"1886","72","2","-400","2014-05-27 00:00:00"
"1887","87","2","-200","2014-05-27 00:00:00"
"1888","25","1","2000","2014-05-27 00:00:00"
"1889","13","1","-3750","2014-05-28 00:00:00"
"1890","14","1","-465","2014-05-28 00:00:00"
"1891","26","1","-129","2014-05-28 00:00:00"
"1892","70","1","-250","2014-05-28 00:00:00"
"1893","72","1","-500","2014-05-28 00:00:00"
"1894","87","1","-250","2014-05-28 00:00:00"
"1895","24","2","-1036","2014-05-28 00:00:00"
"1896","55","2","-1393","2014-05-28 00:00:00"
"1897","88","2","-465","2014-05-28 00:00:00"
"1898","13","1","-4500","2014-05-29 00:00:00"
"1899","14","1","-500","2014-05-29 00:00:00"
"1900","70","1","-300","2014-05-29 00:00:00"
"1901","72","1","-600","2014-05-29 00:00:00"
"1902","87","1","-300","2014-05-29 00:00:00"
"1903","88","1","-500","2014-05-29 00:00:00"
"1904","89","1","-143","2014-05-29 00:00:00"
"1905","10","2","-315","2014-05-29 00:00:00"
"1906","15","2","-72","2014-05-29 00:00:00"
"1907","24","2","-1072","2014-05-29 00:00:00"
"1908","26","2","-143","2014-05-29 00:00:00"
"1909","55","2","-1500","2014-05-29 00:00:00"
"1910","13","1","-5250","2014-05-30 00:00:00"
"1911","14","1","-536","2014-05-30 00:00:00"
"1912","25","1","-750","2014-05-30 00:00:00"
"1913","26","1","-157","2014-05-30 00:00:00"
"1914","70","1","-350","2014-05-30 00:00:00"
"1915","72","1","-700","2014-05-30 00:00:00"
"1916","87","1","-350","2014-05-30 00:00:00"
"1917","41","2","-438","2014-05-30 00:00:00"
"1918","55","2","-1607","2014-05-30 00:00:00"
"1919","64","2","-393","2014-05-30 00:00:00"
"1920","88","2","-536","2014-05-30 00:00:00"
"1921","25","1","1500","2014-05-30 00:00:00"
"1922","41","1","875","2014-05-30 00:00:00"
"1923","70","1","700","2014-05-30 00:00:00"
"1924","87","1","700","2014-05-30 00:00:00"
"1925","26","1","314","2014-05-30 00:00:00"
"1926","88","1","1071","2014-05-30 00:00:00"
"1927","13","1","-6000","2014-05-31 00:00:00"
"1928","72","1","-800","2014-05-31 00:00:00"
"1929","14","2","-572","2014-05-31 00:00:00"
"1930","44","2","-429","2014-05-31 00:00:00"
"1931","55","2","-1715","2014-05-31 00:00:00"
"1932","10","1","-357","2014-06-01 00:00:00"
"1933","13","1","-6750","2014-06-01 00:00:00"
"1934","14","1","-607","2014-06-01 00:00:00"
"1935","28","1","-113","2014-06-01 00:00:00"
"1936","40","1","-465","2014-06-01 00:00:00"
"1937","72","1","-900","2014-06-01 00:00:00"
"1938","89","1","-186","2014-06-01 00:00:00"
"1939","11","2","-465","2014-06-01 00:00:00"
"1940","44","2","-465","2014-06-01 00:00:00"
"1941","55","2","-1822","2014-06-01 00:00:00"
"1942","64","2","-465","2014-06-01 00:00:00"
"1943","25","2","1000","2014-06-01 00:00:00"
"1944","82","2","1786","2014-06-01 00:00:00"
"1945","40","2","929","2014-06-01 00:00:00"
"1946","38","2","1625","2014-06-01 00:00:00"
"1947","43","2","1625","2014-06-01 00:00:00"
"1948","44","2","929","2014-06-01 00:00:00"
"1949","16","2","650","2014-06-01 00:00:00"
"1950","15","2","186","2014-06-01 00:00:00"
"1951","79","2","893","2014-06-01 00:00:00"
"1952","13","2","13500","2014-06-01 00:00:00"
"1953","20","2","157","2014-06-01 00:00:00"
"1954","9","2","486","2014-06-01 00:00:00"
"1955","81","2","386","2014-06-01 00:00:00"
"1956","80","2","929","2014-06-01 00:00:00"
"1957","10","2","714","2014-06-01 00:00:00"
"1958","8","2","650","2014-06-01 00:00:00"
"1959","11","2","929","2014-06-01 00:00:00"
"1960","51","2","943","2014-06-01 00:00:00"
"1961","72","2","1800","2014-06-01 00:00:00"
"1962","70","2","200","2014-06-01 00:00:00"
"1963","89","2","371","2014-06-01 00:00:00"
"1964","52","2","1857","2014-06-01 00:00:00"
"1965","53","2","150","2014-06-01 00:00:00"
"1966","53","2","150","2014-06-01 00:00:00"
"1967","14","1","-643","2014-06-02 00:00:00"
"1968","28","2","-125","2014-06-02 00:00:00"
"1969","55","2","-1929","2014-06-02 00:00:00"
"1970","64","2","-500","2014-06-02 00:00:00"
"1971","72","2","-100","2014-06-02 00:00:00"
"1972","87","2","-150","2014-06-02 00:00:00"
"1973","32","2","136","2014-06-02 00:00:00"
"1974","35","2","257","2014-06-02 00:00:00"
"1975","28","2","250","2014-06-02 00:00:00"
"1976","55","2","3857","2014-06-02 00:00:00"
"1977","64","2","1000","2014-06-02 00:00:00"
"1978","87","2","300","2014-06-02 00:00:00"
"1979","14","2","1286","2014-06-02 00:00:00"
"1980","72","2","200","2014-06-02 00:00:00"
"1981","25","2","500","2014-06-02 00:00:00"
"1982","13","2","1500","2014-06-02 00:00:00"
"1983","76","2","929","2014-06-02 00:00:00"
"1984","24","1","-1250","2014-06-03 00:00:00"
"1985","27","1","-393","2014-06-03 00:00:00"
"1986","29","1","-393","2014-06-03 00:00:00"
"1987","33","1","-315","2014-06-03 00:00:00"
"1988","48","1","-55","2014-06-03 00:00:00"
"1989","86","1","-572","2014-06-03 00:00:00"
"1990","90","2","1071","2014-06-03 00:00:00"
"1991","23","2","714","2014-06-03 00:00:00"
"1992","13","2","1500","2014-06-03 00:00:00"
"1993","72","2","200","2014-06-03 00:00:00"
"1994","70","2","200","2014-06-03 00:00:00"
"1995","17","2","1929","2014-06-03 00:00:00"
"1996","45","2","314","2014-06-03 00:00:00"
"1997","67","2","1071","2014-06-03 00:00:00"
"1998","78","2","1357","2014-06-03 00:00:00"
"1999","25","2","500","2014-06-03 00:00:00"
"2000","87","2","100","2014-06-03 00:00:00"
"2001","29","2","786","2014-06-03 00:00:00"
"2002","27","2","786","2014-06-03 00:00:00"
"2003","24","1","-1286","2014-06-04 00:00:00"
"2004","33","1","-343","2014-06-04 00:00:00"
"2005","86","1","-590","2014-06-04 00:00:00"
"2006","61","2","-500","2014-06-04 00:00:00"
"2007","25","1","500","2014-06-04 00:00:00"
"2008","41","1","625","2014-06-04 00:00:00"
"2009","77","1","2000","2014-06-04 00:00:00"
"2010","33","1","686","2014-06-04 00:00:00"
"2011","37","1","2000","2014-06-04 00:00:00"
"2012","38","1","375","2014-06-04 00:00:00"
"2013","73","1","2000","2014-06-04 00:00:00"
"2014","87","1","100","2014-06-04 00:00:00"
"2015","72","1","200","2014-06-04 00:00:00"
"2016","86","1","1179","2014-06-04 00:00:00"
"2017","86","1","0","2014-06-04 00:00:00"
"2018","24","2","-1322","2014-06-05 00:00:00"
"2019","61","2","-509","2014-06-05 00:00:00"
"2020","13","1","3000","2014-06-05 00:00:00"
"2021","19","1","-767","2014-06-06 00:00:00"
"2022","25","1","-500","2014-06-06 00:00:00"
"2023","26","1","-100","2014-06-06 00:00:00"
"2024","49","1","-767","2014-06-06 00:00:00"
"2025","70","1","-150","2014-06-06 00:00:00"
"2026","72","1","-200","2014-06-06 00:00:00"
"2027","87","1","-100","2014-06-06 00:00:00"
"2028","24","2","-1357","2014-06-06 00:00:00"
"2029","61","2","-517","2014-06-06 00:00:00"
"2030","65","1","1286","2014-06-06 00:00:00"
"2031","39","1","643","2014-06-06 00:00:00"
"2032","48","1","120","2014-06-06 00:00:00"
"2033","25","1","1000","2014-06-06 00:00:00"
"2034","28","1","100","2014-06-06 00:00:00"
"2035","28","1","0","2014-06-06 00:00:00"
"2036","26","1","200","2014-06-06 00:00:00"
"2037","36","1","233","2014-06-06 00:00:00"
"2038","68","1","733","2014-06-06 00:00:00"
"2039","56","1","1071","2014-06-06 00:00:00"
"2040","42","1","200","2014-06-06 00:00:00"
"2041","87","1","200","2014-06-06 00:00:00"
"2042","13","1","1500","2014-06-06 00:00:00"
"2043","25","2","500","2014-06-07 00:00:00"
"2044","13","2","1500","2014-06-07 00:00:00"
"2045","24","2","2786","2014-06-07 00:00:00"
"2046","72","2","600","2014-06-07 00:00:00"
"2047","19","1","-817","2014-06-09 00:00:00"
"2048","49","1","-817","2014-06-09 00:00:00"
"2049","67","1","429","2014-06-09 00:00:00"
"2050","67","1","0","2014-06-09 00:00:00"
"2051","38","1","625","2014-06-09 00:00:00"
"2052","37","1","625","2014-06-09 00:00:00"
"2053","37","1","0","2014-06-09 00:00:00"
"2054","87","1","300","2014-06-09 00:00:00"
"2055","25","1","1000","2014-06-09 00:00:00"
"2056","49","1","1633","2014-06-09 00:00:00"
"2057","54","1","100","2014-06-09 00:00:00"
"2058","11","1","571","2014-06-09 00:00:00"
"2059","51","1","343","2014-06-09 00:00:00"
"2060","89","1","229","2014-06-09 00:00:00"
"2061","12","1","471","2014-06-09 00:00:00"
"2062","51","1","343","2014-06-09 00:00:00"
"2063","21","1","867","2014-06-09 00:00:00"
"2064","13","1","3000","2014-06-09 00:00:00"
"2065","22","1","1179","2014-06-09 00:00:00"
"2066","88","1","714","2014-06-09 00:00:00"
"2067","18","1","750","2014-06-09 00:00:00"
"2068","9","1","229","2014-06-09 00:00:00"
"2069","81","1","343","2014-06-09 00:00:00"
"2070","10","1","229","2014-06-09 00:00:00"
"2071","8","1","400","2014-06-09 00:00:00"
"2072","90","1","429","2014-06-09 00:00:00"
"2073","70","1","600","2014-06-09 00:00:00"
"2074","14","1","500","2014-06-09 00:00:00"
"2075","80","1","571","2014-06-09 00:00:00"
"2076","25","2","4000","2014-06-17 00:00:00"
"2077","41","2","1625","2014-06-17 00:00:00"
"2078","38","2","1000","2014-06-17 00:00:00"
"2079","29","2","1000","2014-06-17 00:00:00"
"2080","26","2","314","2014-06-17 00:00:00"
"2081","27","2","1000","2014-06-17 00:00:00"
"2082","87","2","900","2014-06-18 00:00:00"
"2083","13","2","13500","2014-06-18 00:00:00"
"2084","72","2","2200","2014-06-18 00:00:00"
"2085","64","2","1143","2014-06-18 00:00:00"
"2086","35","2","229","2014-06-18 00:00:00"
"2087","33","2","800","2014-06-18 00:00:00"
"2088","25","2","1500","2014-06-20 00:00:00"
"2089","13","2","3000","2014-06-20 00:00:00"
"2090","72","2","400","2014-06-20 00:00:00"
"2091","25","1","500","2014-06-21 00:00:00"
"2092","28","1","375","2014-06-21 00:00:00"
"2093","45","1","514","2014-06-21 00:00:00"
"2094","60","1","330","2014-06-21 00:00:00"
"2095","33","1","171","2014-06-21 00:00:00"
"2096","34","1","110","2014-06-21 00:00:00"
"2097","41","1","500","2014-06-21 00:00:00"
"2098","42","1","214","2014-06-21 00:00:00"
"2099","9","1","343","2014-06-21 00:00:00"
"2100","81","1","514","2014-06-21 00:00:00"
"2101","10","1","343","2014-06-21 00:00:00"
"2102","82","2","1429","2014-06-21 00:00:00"
"2103","32","2","136","2014-06-21 00:00:00"
"2104","37","2","1500","2014-06-21 00:00:00"
"2105","14","2","857","2014-06-21 00:00:00"
"2106","13","2","1500","2014-06-21 00:00:00"
"2107","80","2","857","2014-06-21 00:00:00"
"2108","38","2","500","2014-06-21 00:00:00"
"2109","87","2","300","2014-06-21 00:00:00"
"2110","55","2","4071","2014-06-21 00:00:00"
"2111","46","2","1179","2014-06-21 00:00:00"
"2112","17","2","1286","2014-06-21 00:00:00"
"2113","11","2","857","2014-06-21 00:00:00"
"2114","51","2","514","2014-06-21 00:00:00"
"2115","70","2","1200","2014-06-21 00:00:00"
"2116","59","2","330","2014-06-21 00:00:00"
"2117","43","1","2500","2014-06-21 00:00:00"
"2118","19","1","2033","2014-06-21 00:00:00"
"2119","38","2","500","2014-06-21 00:00:00"
"2120","25","1","1500","2014-06-24 00:00:00"
"2121","26","1","200","2014-06-24 00:00:00"
"2122","27","1","500","2014-06-24 00:00:00"
"2123","29","1","500","2014-06-24 00:00:00"
"2124","65","1","1286","2014-06-24 00:00:00"
"2125","55","1","643","2014-06-24 00:00:00"
"2126","41","1","375","2014-06-24 00:00:00"
"2127","67","1","1071","2014-06-24 00:00:00"
"2128","87","1","300","2014-06-24 00:00:00"
"2129","13","1","4500","2014-06-24 00:00:00"
"2130","72","1","800","2014-06-24 00:00:00"
"2131","70","1","300","2014-06-24 00:00:00"
"2132","16","1","1150","2014-06-24 00:00:00"
"2133","76","1","1571","2014-06-24 00:00:00"
"2134","79","1","821","2014-06-24 00:00:00"
"2135","86","1","714","2014-06-24 00:00:00"
"2136","77","1","1429","2014-06-24 00:00:00"
"2137","8","1","750","2014-06-24 00:00:00"
"2138","58","2","2400","2014-06-29 00:00:00"
"2139","28","2","200","2014-06-29 00:00:00"
"2140","25","2","2500","2014-06-29 00:00:00"
"2141","45","2","229","2014-06-29 00:00:00"
"2142","64","1","786","2014-06-29 00:00:00"
"2143","33","1","457","2014-06-29 00:00:00"
"2144","30","1","167","2014-06-29 00:00:00"
"2145","41","1","625","2014-06-29 00:00:00"
"2146","9","1","229","2014-06-29 00:00:00"
"2147","81","1","343","2014-06-29 00:00:00"
"2148","80","1","571","2014-06-29 00:00:00"
"2149","10","1","229","2014-06-29 00:00:00"
"2150","8","1","250","2014-06-29 00:00:00"
"2151","70","1","500","2014-06-29 00:00:00"
"2152","87","1","500","2014-06-29 00:00:00"
"2153","16","1","250","2014-06-29 00:00:00"
"2154","82","2","571","2014-06-29 00:00:00"
"2155","25","2","0","2014-06-29 00:00:00"
"2156","74","1","1893","2014-06-29 00:00:00"
"2157","50","1","1893","2014-06-29 00:00:00"
"2158","28","2","0","2014-06-29 00:00:00"
"2159","47","2","1367","2014-06-29 00:00:00"
"2160","57","2","1200","2014-06-29 00:00:00"
"2161","15","2","400","2014-06-29 00:00:00"
"2162","23","1","929","2014-06-29 00:00:00"
"2163","18","2","714","2014-06-29 00:00:00"
"2164","13","1","7500","2014-06-29 00:00:00"
"2165","91","1","500","2014-06-29 00:00:00"
"2166","11","2","571","2014-06-29 00:00:00"
"2167","89","2","571","2014-06-29 00:00:00"
"2168","66","1","617","2014-06-29 00:00:00"
"2169","36","1","153","2014-06-29 00:00:00"
"2170","63","1","617","2014-06-29 00:00:00"
"2171","31","1","247","2014-06-29 00:00:00"
"2172","73","1","833","2014-06-29 00:00:00"
"2173","75","1","617","2014-06-29 00:00:00"
"2174","20","1","200","2014-06-29 00:00:00"
"2175","78","1","1857","2014-06-29 00:00:00"
"2176","37","1","1000","2014-06-29 00:00:00"
"2177","67","1","357","2014-06-29 00:00:00"
"2178","39","1","821","2014-06-29 00:00:00"
"2179","43","1","1000","2014-06-29 00:00:00"
"2180","22","1","714","2014-06-29 00:00:00"
"2181","44","1","2000","2014-06-29 00:00:00"
"2182","40","1","2000","2014-06-29 00:00:00"
"2183","61","1","1417","2014-06-29 00:00:00"
"2184","88","1","1429","2014-06-29 00:00:00"
"2185","17","1","571","2014-06-29 00:00:00"
"2186","56","1","821","2014-06-29 00:00:00"
"2187","54","1","73","2014-07-01 00:00:00"
"2188","25","1","1000","2014-07-01 00:00:00"
"2189","96","1","500","2014-07-01 00:00:00"
"2190","48","1","83","2014-07-01 00:00:00"
"2191","38","1","1250","2014-07-01 00:00:00"
"2192","29","1","500","2014-07-01 00:00:00"
"2193","26","1","200","2014-07-01 00:00:00"
"2194","27","1","500","2014-07-01 00:00:00"
"2195","65","1","500","2014-07-01 00:00:00"
"2196","32","1","71","2014-07-01 00:00:00"
"2197","35","1","186","2014-07-01 00:00:00"
"2198","55","1","1500","2014-07-01 00:00:00"
"2199","87","1","200","2014-07-01 00:00:00"
"2200","13","1","3000","2014-07-01 00:00:00"
"2201","24","1","1714","2014-07-01 00:00:00"
"2202","41","1","250","2014-07-01 00:00:00"
"2203","51","1","429","2014-07-01 00:00:00"
"2204","52","1","4286","2014-07-01 00:00:00"
"2205","95","1","1000","2014-07-01 00:00:00"
"2206","41","1","625","2014-07-06 00:00:00"
"2207","82","2","500","2014-07-06 00:00:00"
"2208","28","2","175","2014-07-06 00:00:00"
"2209","47","2","233","2014-07-06 00:00:00"
"2210","45","2","200","2014-07-06 00:00:00"
"2211","17","2","500","2014-07-06 00:00:00"
"2212","87","2","500","2014-07-06 00:00:00"
"2213","14","2","1071","2014-07-06 00:00:00"
"2214","76","2","857","2014-07-06 00:00:00"
"2215","92","2","500","2014-07-06 00:00:00"
"2216","25","2","2500","2014-07-06 00:00:00"
"2217","37","2","875","2014-07-06 00:00:00"
"2218","16","2","350","2014-07-06 00:00:00"
"2219","13","2","7500","2014-07-06 00:00:00"
"2220","88","2","500","2014-07-06 00:00:00"
"2221","72","2","2400","2014-07-06 00:00:00"
"2222","25","2","3500","2014-07-13 00:00:00"
"2223","48","2","40","2014-07-13 00:00:00"
"2224","29","2","857","2014-07-13 00:00:00"
"2225","27","2","857","2014-07-13 00:00:00"
"2226","28","2","175","2014-07-13 00:00:00"
"2227","47","2","233","2014-07-13 00:00:00"
"2228","65","2","857","2014-07-13 00:00:00"
"2229","55","2","2571","2014-07-13 00:00:00"
"2230","64","2","1000","2014-07-13 00:00:00"
"2231","41","2","875","2014-07-13 00:00:00"
"2232","38","2","1500","2014-07-13 00:00:00"
"2233","40","2","1000","2014-07-13 00:00:00"
"2234","45","2","200","2014-07-13 00:00:00"
"2235","45","2","0","2014-07-13 00:00:00"
"2236","45","2","0","2014-07-13 00:00:00"
"2237","44","2","1000","2014-07-13 00:00:00"
"2238","53","2","700","2014-07-13 00:00:00"
"2239","59","2","220","2014-07-13 00:00:00"
"2240","34","2","73","2014-07-13 00:00:00"
"2241","34","2","73","2014-07-13 00:00:00"
"2242","34","2","73","2014-07-13 00:00:00"
"2243","37","2","875","2014-07-13 00:00:00"
"2244","16","2","350","2014-07-13 00:00:00"
"2245","37","2","0","2014-07-13 00:00:00"
"2246","15","2","200","2014-07-13 00:00:00"
"2247","52","2","1714","2014-07-13 00:00:00"
"2248","89","2","400","2014-07-13 00:00:00"
"2249","51","2","514","2014-07-13 00:00:00"
"2250","11","2","1000","2014-07-13 00:00:00"
"2251","8","2","700","2014-07-13 00:00:00"
"2252","10","2","400","2014-07-13 00:00:00"
"2253","80","2","1000","2014-07-13 00:00:00"
"2254","81","2","600","2014-07-13 00:00:00"
"2255","9","2","400","2014-07-13 00:00:00"
"2256","20","2","100","2014-07-13 00:00:00"
"2257","9","2","0","2014-07-13 00:00:00"
"2258","59","2","140","2014-07-27 00:00:00"
"2259","92","2","1500","2014-07-27 00:00:00"
"2260","70","2","2800","2014-07-27 00:00:00"
"2261","72","2","4200","2014-07-27 00:00:00"
"2262","9","2","400","2014-07-27 00:00:00"
"2263","81","2","600","2014-07-27 00:00:00"
"2264","80","2","1000","2014-07-27 00:00:00"
"2265","10","2","400","2014-07-27 00:00:00"
"2266","8","2","700","2014-07-27 00:00:00"
"2267","87","2","2100","2014-07-27 00:00:00"
"2268","22","2","1000","2014-07-27 00:00:00"
"2269","91","2","1000","2014-07-27 00:00:00"
"2270","91","2","1000","2014-07-27 00:00:00"
"2271","16","2","700","2014-07-27 00:00:00"
"2272","56","2","1000","2014-07-27 00:00:00"
"2273","41","2","1750","2014-07-27 00:00:00"
"2274","29","2","1000","2014-07-27 00:00:00"
"2275","27","2","1000","2014-07-27 00:00:00"
"2276","47","2","467","2014-07-27 00:00:00"
"2277","65","2","1000","2014-07-27 00:00:00"
"2278","55","2","3000","2014-07-27 00:00:00"
"2279","64","2","1000","2014-07-27 00:00:00"
"2280","74","2","1000","2014-07-27 00:00:00"
"2281","50","2","1000","2014-07-27 00:00:00"
"2282","90","2","800","2014-07-27 00:00:00"
"2283","45","2","400","2014-07-27 00:00:00"
"2284","28","2","350","2014-07-27 00:00:00"
"2285","34","2","47","2014-07-27 00:00:00"
"2286","32","2","186","2014-07-27 00:00:00"
"2287","35","2","371","2014-07-27 00:00:00"
"2288","33","2","1600","2014-07-27 00:00:00"
"2289","26","2","743","2014-07-27 00:00:00"
"2290","69","2","1150","2014-07-27 00:00:00"
"2291","68","2","850","2014-07-27 00:00:00"
"2292","67","2","2000","2014-07-27 00:00:00"
"2293","38","2","1750","2014-07-27 00:00:00"
"2294","37","2","1750","2014-07-27 00:00:00"
"2295","82","2","1500","2014-07-27 00:00:00"
"2296","18","2","1000","2014-07-27 00:00:00"
"2297","21","2","800","2014-07-27 00:00:00"
"2298","13","2","31500","2014-07-27 00:00:00"
"2299","88","2","1500","2014-07-27 00:00:00"
"2300","60","2","360","2014-07-27 00:00:00"
